STATEFP,COUNTYFP,COUSUBFP,Place,Population,Area,Density,State,lat,lon,poi_count,poke_score,visible_stops,estimated_gyms,area_km2,stationary_cluster_score,cluster_grade
50,7,85150,"Winooski city, Chittenden County, Vermont",7997,1.5096991807867253,5297.081764217857,Vermont,44.49144,-73.18568,79,418469.45937321073,32,2,3.9101057812458104,8.183921814464156,B
50,11,61675,"St. Albans city, Franklin County, Vermont",6877,1.95340300547092,3520.522892992128,Vermont,44.8107911,-73.0833607,28,98574.64100377959,11,2,5.059294250139628,2.1742162950289794,C
33,11,45140,"Manchester city, Hillsborough County, New Hampshire",115644,34.875122876701326,3315.945306023771,New Hampshire,42.9956397,-71.4547891,60,198956.71836142626,24,2,90.32621949942767,0.2657035812303876,D
50,7,10675,"Burlington city, Chittenden County, Vermont",44743,15.441615747889884,2897.559473730214,Vermont,44.4671635,-73.1715669,33,95619.46263309706,13,2,39.99363037087732,0.32505176147915743,D
33,11,50260,"Nashua city, Hillsborough County, New Hampshire",91322,31.68001999843105,2882.637069185017,New Hampshire,42.7044217,-71.540447,3,8647.911207555051,1,0,82.05093499573643,0.01218755155016774,D
50,23,3175,"Barre city, Washington County, Vermont",8491,4.009017016458882,2117.9755449130025,Vermont,44.1969042,-72.5007458,22,46595.461988086055,9,2,10.38331398245834,0.8667752911261932,D
50,21,61225,"Rutland city, Rutland County, Vermont",15807,7.650825929368116,2066.0514493375103,Vermont,43.6084792,-72.9724768,36,74377.85217615037,14,2,19.815562648804125,0.706515391368153,D
33,15,62900,"Portsmouth city, Rockingham County, New Hampshire",21956,16.79424083528407,1307.3529321951407,New Hampshire,43.0710506,-70.7536541,75,98051.46991463556,45,2,43.49691582097739,1.0345561093390836,D
33,17,69940,"Somersworth city, Strafford County, New Hampshire",11855,9.979069348354887,1187.9865332286092,New Hampshire,43.2623406,-70.8645966,15,17819.797998429138,9,2,25.845689821545673,0.3482205374335706,D
33,15,66660,"Salem town, Rockingham County, New Hampshire",30089,25.849807813234783,1163.9931800419345,New Hampshire,42.7804591,-71.2093147,14,16295.904520587083,8,2,66.95074373819995,0.11949083092015686,D
33,17,18820,"Dover city, Strafford County, New Hampshire",32741,28.99134986816569,1129.3368590591797,New Hampshire,43.1939114,-70.8747112,29,32750.768912716212,17,2,75.08730624505044,0.22640311458929976,D
33,15,33060,"Hampton town, Rockingham County, New Hampshire",16214,14.60571865672336,1110.1131263086677,New Hampshire,42.9728673,-70.8283867,7,7770.791884160673,4,1,37.82866526372693,0.10573991897714433,D
50,1,74650,"Vergennes city, Addison County, Vermont",2553,2.527653389357086,1010.0277240343308,Vermont,44.1681052,-73.2518037,6,6060.166344205985,4,1,6.546597001900959,0.6110044651959645,D
33,15,17940,"Derry town, Rockingham County, New Hampshire",34317,36.23274291180576,947.1267489610468,New Hampshire,42.8889326,-71.2591184,6,5682.760493766281,4,1,93.84244181414779,0.042624636813286286,D
33,11,37940,"Hudson town, Hillsborough County, New Hampshire",25394,29.211434249779373,869.3171236599516,New Hampshire,42.7739361,-71.3705321,5,4346.585618299758,3,1,75.65732259258607,0.0396524737751423,D
33,15,68260,"Seabrook town, Rockingham County, New Hampshire",8401,9.684385463271168,867.4788949553367,New Hampshire,42.8758088,-70.8709976,10,8674.788949553367,6,2,25.08246150601769,0.2392109721193234,D
33,15,25380,"Exeter town, Rockingham County, New Hampshire",16049,19.928134299133376,805.3438299388583,New Hampshire,43.0042126,-70.9476284,64,51542.00511608693,38,2,51.613668553412445,0.7362390828831644,D
33,11,47540,"Merrimack town, Hillsborough County, New Hampshire",26632,33.37703536670515,797.9138862214953,New Hampshire,42.8664567,-71.4946938,5,3989.5694311074767,3,1,86.44618782941266,0.034703670286999895,D
50,23,46000,"Montpelier city, Washington County, Vermont",8074,10.229238535067989,789.306063429905,Vermont,44.2602244,-72.5750364,16,12628.89701487848,10,2,26.493625513440737,0.3774492847317859,D
33,15,62500,"Plaistow town, Rockingham County, New Hampshire",7830,10.57872363102788,740.1649077053352,New Hampshire,42.8640939,-71.1133495,3,2220.4947231160054,2,1,27.3987884171259,0.07299592848966559,D
33,17,65140,"Rochester city, Strafford County, New Hampshire",32492,45.35326969792423,716.4202320232521,New Hampshire,43.3048873,-70.9756342,23,16477.6653365348,14,2,117.46451498492678,0.11918493003437251,D
33,11,4500,"Bedford town, Hillsborough County, New Hampshire",23322,33.00298496233741,706.6633526214302,New Hampshire,42.9427404,-71.5227715,6,4239.980115728582,4,1,85.47740102260425,0.04679599463888954,D
50,7,66175,"South Burlington city, Chittenden County, Vermont",20292,29.48321144530089,688.2560957664667,Vermont,44.4671635,-73.1715669,33,22712.451160293404,20,2,76.36122281121484,0.2619130399397256,D
33,15,52340,"Newmarket town, Rockingham County, New Hampshire",9430,14.162694996164303,665.8337274476318,New Hampshire,43.0773792,-70.9398275,10,6658.337274476317,6,2,36.68123841311558,0.1635713585355577,D
33,13,14200,"Concord city, Merrimack County, New Hampshire",43976,67.06961713034208,655.6769202146735,New Hampshire,43.2061572,-71.540285,66,43274.67673416845,40,2,173.70963767141467,0.2302693191707827,D
33,1,40180,"Laconia city, Belknap County, New Hampshire",16871,26.030713785770143,648.1189927731693,New Hampshire,43.5282606,-71.4684004,32,20739.80776874142,19,2,67.41928839800681,0.28181845954579543,D
33,15,32900,"Hampstead town, Rockingham County, New Hampshire",8998,14.060733865716085,639.9381487434014,New Hampshire,42.8757176,-71.1806016,0,0.0,0,0,36.417160104866,0.0,D
33,11,48020,"Milford town, Hillsborough County, New Hampshire",16131,25.423538869726872,634.4907403590465,New Hampshire,42.8357178,-71.6488122,15,9517.361105385698,9,2,65.8467114372039,0.1366810855631422,D
33,17,19700,"Durham town, Strafford County, New Hampshire",15490,24.72240001418926,626.5572918126725,New Hampshire,43.4345243,-71.1636774,4,2506.22916725069,2,1,64.03076881275004,0.031234983385077717,D
33,15,2340,"Atkinson town, Rockingham County, New Hampshire",7087,11.318384135728628,626.1494498696629,New Hampshire,42.840378,-71.1450685,9,5635.345048826966,5,1,29.314501727695788,0.17056404527852145,D
33,5,39300,"Keene city, Cheshire County, New Hampshire",23047,37.28613984828559,618.1117190939168,New Hampshire,42.9394792,-72.2633556,37,22870.133606474923,22,2,96.57072934566119,0.227812300363334,D
33,15,43220,"Londonderry town, Rockingham County, New Hampshire",25826,42.05207568847598,614.1432872736268,New Hampshire,42.867772,-71.3740245,11,6755.576160009895,7,2,108.91445551239589,0.06427062383104241,D
50,19,48850,"Newport city, Orleans County, Vermont",4455,7.614564430610278,585.063011889565,Vermont,44.9367172,-72.2055988,12,7020.75614267478,7,2,19.72164572963631,0.3549399525761123,D
33,15,85780,"Windham town, Rockingham County, New Hampshire",15817,27.73151809204813,570.3618513598591,New Hampshire,42.8406685,-71.2567641,3,1711.0855540795774,2,1,71.82435454322373,0.027845707945713657,D
50,7,24175,"Essex town, Chittenden County, Vermont",22094,39.344663857122775,561.5501019460407,Vermont,44.5230418,-73.0622703,12,6738.601223352489,7,2,101.90228594330941,0.06869325781262907,D
33,11,42260,"Litchfield town, Hillsborough County, New Hampshire",8478,15.280264604164218,554.8333238738256,New Hampshire,42.8402627,-71.4797303,5,2774.166619369128,3,1,39.57573252213928,0.0758040296113724,D
33,11,59940,"Pelham town, Hillsborough County, New Hampshire",14222,26.838025252731647,529.9197636961925,New Hampshire,42.7325655,-71.3245397,2,1059.839527392385,1,0,69.51021702432243,0.014386374303076746,D
33,15,74340,"Stratham town, Rockingham County, New Hampshire",7669,15.476339256911174,495.5306208201207,New Hampshire,43.011294,-70.9154647,3,1486.591862460362,3,1,40.08356391200737,0.07484364430731981,D
33,11,29860,"Goffstown town, Hillsborough County, New Hampshire",18577,37.53280695353208,494.953655424692,New Hampshire,43.0191178,-71.600344,4,1979.814621698768,4,1,97.20959468157855,0.04114820160605,D
33,15,52900,"Newton town, Rockingham County, New Hampshire",4820,9.941733689847732,484.8248957746748,New Hampshire,42.8854709,-71.0564861,5,2424.124478873374,4,1,25.748990839368727,0.1553458939402095,D
33,15,67620,"Sandown town, Rockingham County, New Hampshire",6548,14.398069411367182,454.783194393437,New Hampshire,42.9265829,-71.1874261,1,454.783194393437,1,0,37.29085579474688,0.026816225551489457,D
33,15,50980,"New Castle town, Rockingham County, New Hampshire",1000,2.26613168704379,441.2806218267563,New Hampshire,42.98454,-71.08897,5,2206.4031091337815,4,1,5.869258408126545,0.6815171052038909,D
33,13,37300,"Hooksett town, Merrimack County, New Hampshire",14871,37.05967035752004,401.2717829526624,New Hampshire,43.090581,-71.4628568,2,802.5435659053248,2,1,95.98417562927332,0.02083676800772604,D
50,25,7900,"Brattleboro town, Windham County, Vermont",12184,32.60441987418451,373.69166655981616,Vermont,42.8507588,-72.5572913,30,11210.749996794484,27,2,84.44512142993912,0.31973427881681554,D
33,15,17140,"Danville town, Rockingham County, New Hampshire",4408,11.808868093559816,373.2787905729919,New Hampshire,42.9351377,-71.1196821,5,1866.3939528649596,4,1,30.584850273638985,0.13078370383416887,D
50,3,4825,"Bennington town, Bennington County, Vermont",15333,42.164671884231765,363.6456615172677,Vermont,42.8773696,-73.1977306,31,11273.015507035298,28,2,109.20607853344143,0.25639598432632804,D
33,15,64020,"Raymond town, Rockingham County, New Hampshire",10684,29.56082044919412,361.4243392994616,New Hampshire,43.0368681,-71.1832882,4,1445.6973571978465,4,1,76.56222935520827,0.052245082643063,D
33,9,41300,"Lebanon city, Grafton County, New Hampshire",14282,41.194582810390926,346.6960708337968,New Hampshire,43.6433069,-72.2518043,14,4853.744991673155,13,2,106.69355753308439,0.12184428282812537,D
33,17,65540,"Rollinsford town, Strafford County, New Hampshire",2597,7.554297400028519,343.7778343211899,New Hampshire,43.29743,-71.0294,2,687.5556686423798,2,1,19.56555472309986,0.10222045979809208,D
33,11,1300,"Amherst town, Hillsborough County, New Hampshire",11753,34.357523490094046,342.0793702837349,New Hampshire,42.8642672,-71.6251796,10,3420.793702837349,9,2,88.98564226410868,0.10113991168696712,D
33,1,77060,"Tilton town, Belknap County, New Hampshire",3962,11.919331997176016,332.4011782655853,New Hampshire,43.4409284,-71.5954452,16,5318.418852249365,14,2,30.870950679365908,0.45350077311864506,D
50,7,84475,"Williston town, Chittenden County, Vermont",10103,30.932865345429907,326.61054471284666,Vermont,44.4733966,-73.0425785,1,326.61054471284666,1,0,80.11581191601,0.012481930546349045,D
33,13,60020,"Pembroke town, Merrimack County, New Hampshire",7207,22.768564070517098,316.5329169498356,New Hampshire,43.150433,-71.4601052,10,3165.3291694983564,9,2,58.97035325699857,0.1526190620018354,D
33,15,54580,"North Hampton town, Rockingham County, New Hampshire",4538,14.360071058455388,316.01514933507025,New Hampshire,42.98454,-71.08897,5,1580.0757466753512,4,1,37.19244044068887,0.1075487371251918,D
33,15,31700,"Greenland town, Rockingham County, New Hampshire",4067,13.29696797008712,305.85920107118625,New Hampshire,43.0361597,-70.8382083,3,917.5776032135587,3,1,34.439014072845936,0.08711050768336032,D
50,7,14875,"Colchester town, Chittenden County, Vermont",17524,58.32421116036764,300.45841429069986,Vermont,44.534084,-73.1846098,4,1201.8336571627995,4,1,151.05912366324057,0.026479698167171207,D
33,13,27380,"Franklin city, Merrimack County, New Hampshire",8741,29.11434852946497,300.22997049560405,New Hampshire,43.444734,-71.6470485,12,3602.759645947249,11,2,75.40587154782897,0.1458772344143366,D
33,15,40100,"Kingston town, Rockingham County, New Hampshire",6202,20.998424187744227,295.35549641957465,New Hampshire,42.9569056,-71.0889443,13,3839.6214534544706,12,2,54.38570866201567,0.22064620090867915,D
33,19,12900,"Claremont city, Sullivan County, New Hampshire",12949,43.968846068846325,294.5039762864025,New Hampshire,43.3723939,-72.3369492,17,5006.567596868843,15,2,113.87887162985129,0.13171890259639718,D
33,13,6500,"Bow town, Merrimack County, New Hampshire",8229,28.4959251174655,288.7781311215036,New Hampshire,43.1532754,-71.5342311,0,0.0,0,0,73.80416109498447,0.0,D
33,11,31940,"Greenville town, Hillsborough County, New Hampshire",1974,6.866511460322903,287.48222607745726,New Hampshire,42.91531,-71.71601,1,287.48222607745726,1,0,17.784196017121715,0.05622969961854059,D
33,11,8100,"Brookline town, Hillsborough County, New Hampshire",5639,20.16191533160477,279.68572961719536,New Hampshire,42.7242191,-71.6427313,12,3356.228755406344,11,2,52.219159089703034,0.210650653740019,D
33,15,27940,"Fremont town, Rockingham County, New Hampshire",4739,17.36956785779626,272.8335004530881,New Hampshire,42.9898654,-71.1409631,10,2728.335004530881,9,2,44.98700705601373,0.20005776309577603,D
33,15,24660,"Epping town, Rockingham County, New Hampshire",7125,26.16280678483179,272.3331658792361,New Hampshire,43.0394258,-71.0729415,10,2723.331658792361,9,2,67.76140794464648,0.1328189639647393,D
33,15,7220,"Brentwood town, Rockingham County, New Hampshire",4490,16.944360463808486,264.9849198847136,New Hampshire,42.9596001,-71.0866111,13,3444.8039585012766,12,2,43.88572415765934,0.2734374384911602,D
33,11,37140,"Hollis town, Hillsborough County, New Hampshire",8342,32.24113079131081,258.7378232480674,New Hampshire,42.7226778,-71.5415797,3,776.2134697442023,3,1,83.50420633818707,0.03592633391245201,D
50,23,3250,"Barre town, Washington County, Vermont",7923,30.624008302617373,258.7185818952001,Vermont,44.1606176,-72.4695476,14,3622.0601465328014,13,2,79.31587526369596,0.16390161435878767,D
33,15,21380,"East Kingston town, Rockingham County, New Hampshire",2441,9.955810516145448,245.18345302388025,New Hampshire,42.98454,-71.08897,5,1225.9172651194012,4,1,25.785449678711547,0.15512624560906524,D
33,15,51380,"Newfields town, Rockingham County, New Hampshire",1769,7.245869785481102,244.1390823148148,New Hampshire,43.0367935,-70.9397742,2,488.2781646296296,2,1,18.7667302856982,0.10657157477902081,D
33,9,33860,"Hanover town, Grafton County, New Hampshire",11870,50.03901111904974,237.21491961061392,New Hampshire,43.736407,-72.1277752,1,237.21491961061392,1,0,129.60053840822764,0.007716017327413475,D
33,9,62660,"Plymouth town, Grafton County, New Hampshire",6682,28.602509324365275,233.6158665039884,New Hampshire,43.7574962,-71.6880562,30,7008.475995119652,27,2,74.08021312501282,0.3644697937685007,D
50,27,32275,"Hartford town, Windsor County, Vermont",10686,45.83600489718556,233.1355017517276,Vermont,43.6488351,-72.3193634,34,7926.607059558738,31,2,118.71479432366162,0.2611300485050096,D
50,21,57250,"Proctor town, Rutland County, Vermont",1763,7.563889889195858,233.08112966031428,Vermont,43.6610327,-73.03532,4,932.3245186412571,4,1,19.590399174118378,0.20418164859471327,D
50,1,44350,"Middlebury town, Addison County, Vermont",9152,39.56276554868441,231.32862106765268,Vermont,44.014299,-73.167229,43,9947.130705909065,39,2,102.46716714343712,0.38060972199423093,D
33,1,4740,"Belmont town, Belknap County, New Hampshire",7314,31.82309228494278,229.8331015261093,New Hampshire,43.4430385,-71.4817109,6,1378.9986091566557,5,1,82.42149078707895,0.06066378989572753,D
33,13,660,"Allenstown town, Merrimack County, New Hampshire",4707,20.538497225638647,229.17937706387548,New Hampshire,43.14054,-71.3961474,1,229.17937706387548,1,0,53.194502429431836,0.018798935121662363,D
33,17,41460,"Lee town, Strafford County, New Hampshire",4520,20.16284776069845,224.17468274548065,New Hampshire,43.1279995,-71.0159161,6,1345.048096472884,5,1,52.221574071731375,0.09574586919061492,D
50,7,62050,"St. George town, Chittenden County, Vermont",794,3.677104699992523,215.9307566090284,Vermont,44.3786446,-73.1267097,3,647.7922698270852,3,1,9.523664401933633,0.3150047999791862,D
33,15,2820,"Auburn town, Rockingham County, New Hampshire",5946,28.75998235513128,206.74560667590708,New Hampshire,43.0018848,-71.3456922,4,826.9824267036283,4,1,74.48806669996647,0.05369987673477637,D
50,21,61300,"Rutland town, Rutland County, Vermont",3924,19.34189406038043,202.87568465375105,Vermont,43.6047689,-73.0114438,28,5680.51917030503,25,2,50.095312197444706,0.49904869145171665,D
33,15,12100,"Chester town, Rockingham County, New Hampshire",5232,26.077495779455376,200.6327618360473,New Hampshire,42.96118,-71.2633596,6,1203.796571016284,5,1,67.54045329383162,0.07402970747394501,D
50,5,62200,"St. Johnsbury town, Caledonia County, Vermont",7364,36.749676947021925,200.38271385666576,Vermont,44.419494,-72.0156532,27,5410.3332741299755,24,2,95.18129579601731,0.2521503810100917,D
33,17,3460,"Barrington town, Strafford County, New Hampshire",9326,48.53320856461087,192.1570874009816,New Hampshire,43.2338085,-71.0196829,7,1345.099611806871,6,2,125.70052485025649,0.04773249759416384,D
33,15,33460,"Hampton Falls town, Rockingham County, New Hampshire",2403,12.62799925338489,190.29142715192071,New Hampshire,42.98454,-71.08897,5,951.4571357596036,4,1,32.70639178627433,0.12230025330029382,D
50,27,69550,"Springfield town, Windsor County, Vermont",9062,49.54612627149411,182.9002725731504,Vermont,43.2988213,-72.4817747,7,1280.3019080120528,6,2,128.32397158190702,0.04675665759121476,D
33,17,26020,"Farmington town, Strafford County, New Hampshire",6722,36.86976718695632,182.3173975011724,New Hampshire,43.4135785,-71.0910089,0,0.0,0,0,95.49232831654498,0.0,D
50,27,84925,"Windsor town, Windsor County, Vermont",3559,19.69774550314241,180.6805758269253,Vermont,43.4798875,-72.3866266,8,1445.4446066154023,7,2,51.01696387568381,0.13720926272792974,D
50,7,45250,"Milton town, Chittenden County, Vermont",10723,61.08745940573743,175.53520975195246,Vermont,44.6373934,-73.11376,9,1579.816887767572,8,2,158.21590898626587,0.05056381530314028,D
33,15,39780,"Kensington town, Rockingham County, New Hampshire",2095,11.959896392079733,175.16874154423138,New Hampshire,42.9282855,-70.9445992,2,350.33748308846276,2,1,30.976012056522585,0.06456609057197414,D
33,5,36660,"Hinsdale town, Cheshire County, New Hampshire",3948,22.612077880420788,174.59695747017,New Hampshire,42.91932,-72.25118,28,4888.71480916476,25,2,58.56505558951103,0.426875715362208,D
33,13,52100,"New London town, Merrimack County, New Hampshire",4400,25.373032792160465,173.41245865411378,New Hampshire,43.4138864,-71.9825232,4,693.6498346164551,4,1,65.71590120136769,0.0608680688672767,D
50,7,64300,"Shelburne town, Chittenden County, Vermont",7717,44.93224400490082,171.74748715328568,Vermont,44.3619262,-73.2663524,1,171.74748715328568,1,0,116.37406265025305,0.00859298006124757,D
33,13,54260,"Northfield town, Merrimack County, New Hampshire",4872,28.820394557651483,169.0469570169899,New Hampshire,43.3828404,-71.616707,1,169.0469570169899,1,0,74.64453370037175,0.013396828279671064,D
33,13,61940,"Pittsfield town, Merrimack County, New Hampshire",4075,24.268084503187307,167.9160132916465,New Hampshire,43.3022883,-71.3247555,8,1343.328106333172,7,2,62.85409618241009,0.11136903440127696,D
33,11,60580,"Peterborough town, Hillsborough County, New Hampshire",6418,38.36141411874993,167.30353005581907,New Hampshire,42.8774912,-71.9507364,17,2844.160010948924,15,2,99.35567895342112,0.1509727491976794,D
33,9,2020,"Ashland town, Grafton County, New Hampshire",1938,11.749826826369006,164.93860110778255,New Hampshire,43.6900346,-71.6445501,5,824.6930055389128,4,1,30.43193398202746,0.13144087399645143,D
33,5,64580,"Rindge town, Cheshire County, New Hampshire",6476,39.727007991596025,163.01252793489894,New Hampshire,42.751816,-72.0094825,2,326.0250558697979,2,1,102.89255342815378,0.019437752620227556,D
33,5,75700,"Swanzey town, Cheshire County, New Hampshire",7270,45.2526951625189,160.6534146505702,New Hampshire,42.91932,-72.25118,28,4498.295610215966,25,2,117.2040279439723,0.21330324937254622,D
33,11,51940,"New Ipswich town, Hillsborough County, New Hampshire",5204,32.99133065184759,157.7384087631083,New Hampshire,42.7596468,-71.8518289,2,315.4768175262166,2,1,85.44721647497873,0.023406262749186856,D
33,17,44820,"Madbury town, Strafford County, New Hampshire",1918,12.164217408342155,157.67557711395767,New Hampshire,43.1675147,-70.9422897,8,1261.4046169116614,7,2,31.505201445432096,0.2221855337800077,D
33,13,6260,"Boscawen town, Merrimack County, New Hampshire",3998,25.480949168425287,156.90153351720983,New Hampshire,43.2772873,-71.6295716,2,313.80306703441966,2,1,65.99540353672981,0.030305140855558188,D
33,15,56820,"Northwood town, Rockingham County, New Hampshire",4641,30.194849191645734,153.70171152515857,New Hampshire,42.98454,-71.08897,5,768.5085576257928,4,1,78.20435745787053,0.05114804507095196,D
33,11,49140,"Mont Vernon town, Hillsborough County, New Hampshire",2584,16.87674831558931,153.11006312828164,New Hampshire,42.91531,-71.71601,1,153.11006312828164,1,0,43.710609369893156,0.02287774099733271,D
33,11,85220,"Wilton town, Hillsborough County, New Hampshire",3896,25.657140982250148,151.84856343484606,New Hampshire,42.8437891,-71.7376383,8,1214.7885074787685,7,2,66.45173857261805,0.10533960661315794,D
33,7,5140,"Berlin city, Coos County, New Hampshire",9425,62.07065821874726,151.84308126369052,New Hampshire,44.4137261,-71.1955334,5,759.2154063184526,4,1,160.7623840799732,0.024881442402659017,D
33,11,79780,"Weare town, Hillsborough County, New Hampshire",9092,59.995304292984606,151.5451935304735,New Hampshire,43.1220926,-71.7108757,0,0.0,0,0,155.38723816578718,0.0,D
33,15,66180,"Rye town, Rockingham County, New Hampshire",5543,36.70233152778465,151.0258277680207,New Hampshire,43.0104925,-70.7733699,9,1359.2324499121862,8,2,95.05867163364697,0.08415855031965669,D
50,21,25375,"Fair Haven town, Rutland County, Vermont",2736,18.18454164845912,150.45746287654367,Vermont,43.5947898,-73.2659674,6,902.744777259262,5,1,47.09778102409263,0.1061621140376502,D
33,9,7700,"Bristol town, Grafton County, New Hampshire",3244,21.87482131382432,148.29835423386416,New Hampshire,43.94074,-71.82055,0,0.0,0,0,56.655568454591844,0.0,D
33,19,52580,"Newport town, Sullivan County, New Hampshire",6299,43.562956551029664,144.59532820324876,New Hampshire,43.3649767,-72.1722258,10,1445.9532820324876,9,2,112.82762183760131,0.07976770097090383,D
33,1,28740,"Gilford town, Belknap County, New Hampshire",7699,53.44216721002674,144.06227145959613,New Hampshire,43.51869,-71.42336,7,1008.435900217173,6,2,138.41467865229714,0.0433480036829925,D
50,7,36700,"Jericho town, Chittenden County, Vermont",5104,35.63709193638733,143.2215627782061,Vermont,44.5061762,-72.9953356,8,1145.7725022256489,7,2,92.29971174432382,0.0758398901547001,D
33,11,50740,"New Boston town, Hillsborough County, New Hampshire",6108,43.13556323395245,141.60009843553703,New Hampshire,42.91531,-71.71601,1,141.60009843553703,1,0,111.72067742030451,0.008950894526336415,D
33,13,24900,"Epsom town, Merrimack County, New Hampshire",4834,34.552772364632055,139.90194329379034,New Hampshire,43.1905826,-71.3051014,7,979.3136030565324,6,2,89.49133489667337,0.06704559728522987,D
50,5,41725,"Lyndon town, Caledonia County, Vermont",5491,39.62653205997896,138.56877487257248,Vermont,44.5337231,-72.0031346,12,1662.8252984708697,11,2,102.6323217700249,0.10717871144578055,D
33,13,35540,"Henniker town, Merrimack County, New Hampshire",6185,44.720766296287465,138.3026390697928,New Hampshire,43.1752826,-71.8220395,4,553.2105562791712,4,1,115.82633749972156,0.03453445983310675,D
33,3,14660,"Conway town, Carroll County, New Hampshire",9822,71.59329661501377,137.19161519851338,New Hampshire,43.87391,-71.20277,3,411.5748455955401,3,1,185.4259222999195,0.016178967658834736,D
33,19,75060,"Sunapee town, Sullivan County, New Hampshire",3342,25.10897780662772,133.09980301618862,New Hampshire,43.3855932,-72.0814257,5,665.4990150809431,4,1,65.03200142938772,0.06150817923608322,D
33,11,36180,"Hillsborough town, Hillsborough County, New Hampshire",5939,44.62382521707199,133.0903384259376,New Hampshire,43.1166766,-71.8954409,6,798.5420305556256,5,1,115.57526107396427,0.04326185338919692,D
33,5,38500,"Jaffrey town, Cheshire County, New Hampshire",5320,40.10680091696089,132.64583258621877,New Hampshire,42.8407958,-72.0913925,2,265.29166517243755,2,1,103.87621330691954,0.019253686058911944,D
50,23,50275,"Northfield town, Washington County, Vermont",5918,44.686861038024574,132.4326628125503,Vermont,44.1486362,-72.6569682,16,2118.9226050008047,14,2,115.73852321987326,0.12096231756304356,D
33,15,9300,"Candia town, Rockingham County, New Hampshire",4013,30.51207189010687,131.52171423996813,New Hampshire,43.0433943,-71.334903,3,394.56514271990443,3,1,79.02596107465789,0.03796220835790686,D
33,13,37540,"Hopkinton town, Merrimack County, New Hampshire",5914,45.0045745490883,131.4088636378367,New Hampshire,43.2082255,-71.7462642,2,262.8177272756734,2,1,116.56139803639319,0.01715833915594898,D
33,17,48660,"Milton town, Strafford County, New Hampshire",4482,34.210757618504935,131.01142190360736,New Hampshire,43.4631691,-70.9916078,2,262.0228438072147,2,1,88.60552012435159,0.022571957110495387,D
33,11,4900,"Bennington town, Hillsborough County, New Hampshire",1501,11.566677063839837,129.7693358010729,New Hampshire,43.0013003,-71.9245599,1,129.7693358010729,1,0,29.957577928574537,0.03338053571567836,D
50,7,59275,"Richmond town, Chittenden County, Vermont",4167,32.786505414060194,127.0949723788806,Vermont,44.3957337,-73.0033857,6,762.5698342732836,5,1,84.91672115736175,0.05888121834961513,D
33,19,11380,"Charlestown town, Sullivan County, New Hampshire",4806,37.97069021382095,126.57130994818375,New Hampshire,43.2507692,-72.3572961,0,0.0,0,0,98.34370794689411,0.0,D
33,13,12420,"Chichester town, Merrimack County, New Hampshire",2665,21.25449612524921,125.3852354012816,New Hampshire,43.262106,-71.3740385,5,626.926177006408,4,1,55.0489324194342,0.07266262621630533,D
50,11,24925,"Fairfax town, Franklin County, Vermont",5014,40.19738512624423,124.7344817144944,Vermont,44.6652883,-73.0087203,7,873.1413720014607,6,2,104.11082550312128,0.057630894491563875,D
50,21,82300,"West Rutland town, Rutland County, Vermont",2214,17.9486546383985,123.35186366912832,Vermont,43.5932378,-73.0459832,9,1110.166773022155,8,2,46.48683602690573,0.17209172926653357,D
33,1,47140,"Meredith town, Belknap County, New Hampshire",6662,54.464504754718455,122.31819659432132,New Hampshire,43.5708833,-71.5821935,0,0.0,0,0,141.06252266967323,0.0,D
33,19,31220,"Grantham town, Sullivan County, New Hampshire",3404,27.9967761597005,121.58542757147276,New Hampshire,43.5363454,-72.181633,0,0.0,0,0,72.51137028586268,0.0,D
33,5,77380,"Troy town, Cheshire County, New Hampshire",2130,17.584405937430876,121.1300516820984,New Hampshire,42.8271722,-72.1828403,7,847.9103617746888,6,2,45.543435533886594,0.13174236703192274,D
33,13,43380,"Loudon town, Merrimack County, New Hampshire",5576,46.63181094089321,119.5750258781006,New Hampshire,43.2834737,-71.4651863,2,239.1500517562012,2,1,120.77592401880399,0.016559591791561152,D
50,7,33475,"Hinesburg town, Chittenden County, Vermont",4698,39.57742587161013,118.70403131422432,Vermont,44.3293,-73.1106673,7,830.9282191995703,6,2,102.50513723321151,0.05853365169737082,D
33,3,78180,"Wakefield town, Carroll County, New Hampshire",5201,44.79970416131311,116.09451663503027,New Hampshire,43.6422128,-71.0123276,1,116.09451663503027,1,0,116.03078578075933,0.008618402377188967,D
50,11,61750,"St. Albans town, Franklin County, Vermont",6988,60.58730136324008,115.33770019074994,Vermont,44.8078225,-73.1393015,3,346.0131005722498,3,1,156.92050465777817,0.01911796043826512,D
50,25,60250,"Rockingham town, Windham County, Vermont",4832,41.9259111374412,115.25092404455503,Vermont,43.134063,-72.444534,20,2305.018480891101,18,2,108.58769058686131,0.16576464517036085,D
33,9,42580,"Littleton town, Grafton County, New Hampshire",6005,53.884801562731184,111.44144222205487,New Hampshire,44.3114688,-71.7667016,15,1671.6216333308232,14,2,139.56109719945812,0.10031448792632706,D
33,15,71140,"South Hampton town, Rockingham County, New Hampshire",894,8.034910793778288,111.26445867852765,New Hampshire,42.98454,-71.08897,5,556.3222933926382,4,1,20.810338606777826,0.1922121535637685,D
33,3,86420,"Wolfeboro town, Carroll County, New Hampshire",6416,58.33199521796997,109.99109452754436,New Hampshire,43.5798003,-71.2411796,11,1209.902039802988,10,2,151.07928429459002,0.06619041152260799,D
50,25,74800,"Vernon town, Windham County, Vermont",2192,19.964323069060416,109.79585896388534,Vermont,42.7620504,-72.5138672,1,109.79585896388534,1,0,51.707397105635785,0.01933959270773284,D
33,1,3220,"Barnstead town, Belknap County, New Hampshire",4915,44.85627892845397,109.57217400577196,New Hampshire,43.3398138,-71.2592321,2,219.1443480115439,2,1,116.17731386190648,0.017215064916867407,D
50,11,71725,"Swanton town, Franklin County, Vermont",6701,61.34550901063883,109.23375008328452,Vermont,44.9181593,-73.1242364,9,983.1037507495607,8,2,158.88425488246443,0.050351118843827834,D
33,15,57460,"Nottingham town, Rockingham County, New Hampshire",5229,48.34803243188468,108.15331538810598,New Hampshire,43.1197251,-71.1020146,1,108.15331538810598,1,0,125.220920518257,0.007985886031353695,D
50,3,42850,"Manchester town, Bennington County, Vermont",4484,41.74304617066853,107.41908919792156,Vermont,43.1887298,-73.0436017,13,1396.4481595729803,12,2,108.11407215156977,0.1109938767561792,D
50,11,27700,"Georgia town, Franklin County, Vermont",4845,45.119699883606266,107.3810333955784,Vermont,44.7212117,-73.1651096,1,107.3810333955784,1,0,116.85957150154138,0.008557279366601219,D
50,23,76975,"Waterbury town, Washington County, Vermont",5331,49.6524862846556,107.36622471305068,Vermont,44.3379214,-72.7563801,16,1717.859595408811,14,2,128.59944295239515,0.10886516829767692,D
50,15,46675,"Morristown town, Lamoille County, Vermont",5434,51.26607358676824,105.99602465757224,Vermont,44.5615499,-72.5982955,8,847.9681972605779,7,2,132.77861792899387,0.05271933169046387,D
50,21,11950,"Castleton town, Rutland County, Vermont",4458,42.26495834924545,105.47744926571278,Vermont,43.6111275,-73.1807089,12,1265.7293911885533,11,2,109.4658194749622,0.10048798842195666,D
33,9,24340,"Enfield town, Grafton County, New Hampshire",4465,43.070183734862006,103.66800447117492,New Hampshire,43.6427933,-72.1439565,6,622.0080268270495,5,1,111.55134517145524,0.04482240884065507,D
50,21,7750,"Brandon town, Rutland County, Vermont",4129,40.0595230290466,103.07162162180812,Vermont,43.7982806,-73.087913,14,1443.0027027053136,13,2,103.7537640500004,0.12529665905648607,D
33,5,45460,"Marlborough town, Cheshire County, New Hampshire",2096,20.609282478496443,101.7017454240316,New Hampshire,42.9046272,-72.2029493,5,508.508727120158,4,1,53.377835526481,0.07493747096612002,D
50,17,58075,"Randolph town, Orange County, Vermont",4774,48.02103966837967,99.41475721825174,Vermont,43.9253287,-72.6659422,14,1391.8066010555244,13,2,124.37401253070665,0.1045234429241433,D
33,5,78420,"Walpole town, Cheshire County, New Hampshire",3633,36.605182315482494,99.24824219393082,New Hampshire,43.0806903,-72.4076889,5,496.2412109696541,4,1,94.8070561452765,0.042190952473734084,D
33,17,47700,"Middleton town, Strafford County, New Hampshire",1823,18.470177166172817,98.6996488230081,New Hampshire,43.5137282,-71.0415906,3,296.0989464690243,3,1,47.83757415861593,0.0627122100726271,D
50,25,57700,"Putney town, Windham County, Vermont",2617,26.728246332126275,97.91139932942296,Vermont,42.9751766,-72.5215973,1,97.91139932942296,1,0,69.22589071774372,0.014445462378769851,D
33,13,19460,"Dunbarton town, Merrimack County, New Hampshire",3005,31.269283828271817,96.10069794061155,New Hampshire,43.1131537,-71.6181487,3,288.30209382183466,3,1,80.98713242238571,0.037042921637891794,D
50,17,7375,"Bradford town, Orange County, Vermont",2790,29.81679104073237,93.57143752285796,Vermont,43.9924278,-72.1294525,8,748.5715001828637,7,2,77.22519062758643,0.09064399767890577,D
33,15,17460,"Deerfield town, Rockingham County, New Hampshire",4855,52.00267342227728,93.36058476409367,New Hampshire,43.1332017,-71.2432182,4,373.4423390563747,4,1,134.68640413696394,0.02969861750806236,D
50,1,9025,"Bristol town, Addison County, Vermont",3782,41.342097566866855,91.48060264438638,Vermont,44.1332662,-73.0785227,5,457.40301322193193,4,1,107.07561927720947,0.037356776706043114,D
33,9,34820,"Haverhill town, Grafton County, New Hampshire",4585,52.25408519745963,87.74433582894115,New Hampshire,43.94074,-71.82055,0,0.0,0,0,135.33755812056845,0.0,D
50,17,84175,"Williamstown town, Orange County, Vermont",3515,40.34556000774276,87.1223500014731,Vermont,44.1224482,-72.5413894,2,174.2447000029462,2,1,104.49459696445366,0.019139745576322458,D
33,7,30260,"Gorham town, Coos County, New Hampshire",2698,32.24498062047005,83.67193740185506,New Hampshire,44.3878135,-71.176057,7,585.7035618129854,6,2,83.51417735721122,0.07184408911000206,D
50,3,63550,"Shaftsbury town, Bennington County, Vermont",3598,43.17548614283372,83.3343251329481,Vermont,42.936393,-73.2671128,6,500.00595079768857,5,1,111.82407735507789,0.044713089687504155,D
33,17,73860,"Strafford town, Strafford County, New Hampshire",4230,51.12415664618217,82.73975117623552,New Hampshire,43.275003,-71.1303655,4,330.95900470494206,4,1,132.41105447204535,0.030208958126260378,D
50,23,21925,"East Montpelier town, Washington County, Vermont",2598,31.91047853109511,81.41526293528891,Vermont,44.2728747,-72.5572642,17,1384.0594698999114,15,2,82.64782029075101,0.1814929897392421,D
50,27,52900,"Norwich town, Windsor County, Vermont",3612,44.63777086892112,80.91801919514852,Vermont,43.7136654,-72.3081535,35,2832.130671830198,32,2,115.61138017279701,0.2767893606336299,D
50,19,17350,"Derby town, Orleans County, Vermont",4579,57.34051369682189,79.85627795751317,Vermont,44.952632,-72.1318717,5,399.28138978756584,4,1,148.5113570696317,0.026933967064381087,D
50,7,13300,"Charlotte town, Chittenden County, Vermont",3912,50.27605620081206,77.81039913661354,Vermont,44.3340405,-73.2800988,1,77.81039913661354,1,0,130.2144827995412,0.007679637306853577,D
50,23,5650,"Berlin town, Washington County, Vermont",2849,36.66784712442787,77.69749858322103,Vermont,44.2100604,-72.5759414,2,155.39499716644207,2,1,94.96935737379694,0.021059424379677033,D
50,15,35050,"Hyde Park town, Lamoille County, Vermont",3020,38.98679475077278,77.4621258122313,Vermont,44.5935986,-72.6170954,9,697.1591323100818,8,2,100.97540853655399,0.07922721102043305,D
50,21,14500,"Clarendon town, Rutland County, Vermont",2412,31.39566677482276,76.82588865843944,Vermont,43.5182261,-72.9711607,1,76.82588865843944,1,0,81.31446299012319,0.012297935240886538,D
50,15,37075,"Johnson town, Lamoille County, Vermont",3491,45.65560497508086,76.46377705224607,Vermont,44.6323977,-72.6849328,12,917.5653246269528,11,2,118.24756032940968,0.09302517505948205,D
50,27,32425,"Hartland town, Windsor County, Vermont",3446,45.37290713965599,75.94840659853138,Vermont,43.5408824,-72.3990809,8,607.587252788251,7,2,117.51537576263762,0.059566673335912125,D
50,5,31825,"Hardwick town, Caledonia County, Vermont",2920,38.60613095654508,75.63565495042073,Vermont,44.5043429,-72.3659998,3,226.9069648512622,3,1,99.98949311614219,0.030003152396375972,D
33,5,12260,"Chesterfield town, Cheshire County, New Hampshire",3552,47.45884756430237,74.84378956289166,New Hampshire,42.8873875,-72.4699331,2,149.68757912578332,2,1,122.91794060306748,0.01627101780413403,D
33,5,85540,"Winchester town, Cheshire County, New Hampshire",4150,55.459891019626525,74.82885241392503,New Hampshire,42.91932,-72.25118,28,2095.207867589901,25,2,143.64056314192248,0.17404554433067088,D
33,11,1700,"Antrim town, Hillsborough County, New Hampshire",2651,36.44873137136517,72.73229822431287,New Hampshire,43.029888,-71.9383976,1,72.73229822431287,1,0,94.40184976452207,0.01059301276928811,D
50,15,70525,"Stowe town, Lamoille County, Vermont",5223,72.58575962655452,71.95626286577065,Vermont,44.4643768,-72.6856197,14,1007.3876801207891,13,2,187.99639157517993,0.06915026342301515,D
33,7,84420,"Whitefield town, Coos County, New Hampshire",2490,34.66648830047824,71.82729264116577,New Hampshire,44.3703899,-71.6155988,8,574.6183411293262,7,2,89.78585803335564,0.0779632801125483,D
50,23,75325,"Waitsfield town, Washington County, Vermont",1844,25.80780689316858,71.45124758695066,Vermont,44.1924801,-72.8223267,10,714.5124758695066,9,2,66.84196177523768,0.13464595833173387,D
33,1,1060,"Alton town, Belknap County, New Hampshire",5894,83.02186568127416,70.9933455678702,New Hampshire,43.4802929,-71.2825071,1,70.9933455678702,1,0,215.02580189584324,0.004650604677127966,D
50,3,57025,"Pownal town, Bennington County, Vermont",3258,46.929614087164325,69.42311509207771,Vermont,42.7953571,-73.2242746,3,208.26934527623314,3,1,121.54723118961472,0.024681763382334677,D
50,21,56875,"Poultney town, Rutland County, Vermont",3020,43.63943282765339,69.20346586370594,Vermont,43.5172045,-73.2363024,16,1107.255453819295,14,2,113.02569462929398,0.12386563998494093,D
33,9,8980,"Canaan town, Grafton County, New Hampshire",3794,55.016208485654175,68.9614952471563,New Hampshire,43.6506258,-72.0659488,4,275.8459809886252,4,1,142.49142981575946,0.028071863726625353,D
50,27,85975,"Woodstock town, Windsor County, Vermont",3005,44.267716205389775,67.88242668895869,Vermont,43.6247646,-72.5189791,20,1357.6485337791737,18,2,114.65294229479746,0.15699553487007875,D
50,27,60850,"Royalton town, Windsor County, Vermont",2750,40.95040845691788,67.15439732165686,Vermont,43.8203029,-72.5212589,9,604.3895758949118,8,2,106.06114839933272,0.07542818572809581,D
33,13,80020,"Webster town, Merrimack County, New Hampshire",1913,28.740423001068507,66.56130287048589,New Hampshire,43.3134519,-71.720045,0,0.0,0,0,74.43740816853742,0.0,D
50,25,81400,"Westminster town, Windham County, Vermont",3016,45.37784965587772,66.46414545580704,Vermont,43.0678903,-72.4586472,6,398.7848727348422,5,1,117.52817683022673,0.04254298956090047,D
33,1,28980,"Gilmanton town, Belknap County, New Hampshire",3945,59.50038322901047,66.30209396830482,New Hampshire,43.4204938,-71.4066758,3,198.90628190491447,3,1,154.1053975593048,0.019467196136627868,D
50,21,55600,"Pittsford town, Rutland County, Vermont",2862,43.48279119024205,65.81914181816046,Vermont,43.70636,-73.0277504,12,789.8297018179255,11,2,112.61999435481499,0.09767359750830695,D
33,15,51620,"Newington town, Rockingham County, New Hampshire",811,12.3519170136591,65.65782453874758,New Hampshire,43.0988083,-70.847595,21,1378.8143153136991,19,2,31.991341546206932,0.5939106983855994,D
33,3,49380,"Moultonborough town, Carroll County, New Hampshire",4918,74.93454157159009,65.63061435828627,New Hampshire,43.6636644,-71.349476,0,0.0,0,0,194.0797133250026,0.0,D
33,5,26500,"Fitzwilliam town, Cheshire County, New Hampshire",2351,35.97256166818855,65.35536784079098,New Hampshire,42.7794828,-72.1446025,7,457.48757488553684,6,2,93.16857499499164,0.06439939647378459,D
50,27,77500,"Weathersfield town, Windsor County, Vermont",2842,43.97337929514898,64.63001128306556,Vermont,43.4065066,-72.4076233,3,193.89003384919667,3,1,113.8906126406429,0.026341064732576764,D
50,19,3550,"Barton town, Orleans County, Vermont",2872,44.55329745871301,64.46211983886147,Vermont,44.7484736,-72.1806582,6,386.7727190331688,5,1,115.39259488509211,0.04333033679482637,D
33,11,31540,"Greenfield town, Hillsborough County, New Hampshire",1716,26.71078743956326,64.24370692487746,New Hampshire,42.91531,-71.71601,1,64.24370692487746,1,0,69.18067236059444,0.014454904323387344,D
33,1,10660,"Center Harbor town, Belknap County, New Hampshire",1040,16.211519674227024,64.15191301611198,New Hampshire,43.7078882,-71.4607714,4,256.6076520644479,4,1,41.98767384105125,0.09526605391721438,D
33,9,8660,"Campton town, Grafton County, New Hampshire",3343,52.43264206731767,63.75799250604157,New Hampshire,43.94074,-71.82055,0,0.0,0,0,135.80001862793208,0.0,D
33,7,40420,"Lancaster town, Coos County, New Hampshire",3218,50.97909936640307,63.12390842512156,New Hampshire,44.5040607,-71.5412226,9,568.1151758260941,8,2,132.03535756799027,0.06058983099190291,D
33,3,45060,"Madison town, Carroll County, New Hampshire",2565,40.79299478243231,62.87844306799042,New Hampshire,43.8947337,-71.1565676,1,62.87844306799042,1,0,105.65344855655185,0.009464906386512713,D
50,17,72400,"Thetford town, Orange County, Vermont",2775,44.30532134088029,62.63355994304734,Vermont,43.8286805,-72.2462023,2,125.26711988609468,2,1,114.75033921966653,0.01742914237640205,D
33,1,51540,"New Hampton town, Belknap County, New Hampshire",2377,38.30147019551622,62.06028092045054,New Hampshire,43.6241984,-71.6281805,5,310.30140460225266,4,1,99.20042479168504,0.04032240797758438,D
33,11,76260,"Temple town, Hillsborough County, New Hampshire",1382,22.432811135647626,61.60618888302793,New Hampshire,42.91531,-71.71601,1,61.60618888302793,1,0,58.10075651321599,0.017211479850052093,D
33,17,51220,"New Durham town, Strafford County, New Hampshire",2693,43.75275314431225,61.550412407592304,New Hampshire,43.4345243,-71.1636774,4,246.20164963036922,4,1,113.31919311623727,0.035298521724356054,D
50,27,41275,"Ludlow town, Windsor County, Vermont",2172,35.33159854647193,61.474716382932726,Vermont,43.3961459,-72.7011648,8,491.7977310634618,7,2,91.50848691937682,0.07649563702399889,D
50,7,73975,"Underhill town, Chittenden County, Vermont",3129,51.18531933458598,61.13080939373433,Vermont,44.5085867,-72.893819,2,122.26161878746866,2,1,132.56946522338433,0.015086430322623147,D
33,11,17780,"Deering town, Hillsborough County, New Hampshire",1904,31.173373893864444,61.07776484132011,New Hampshire,43.0740882,-71.846245,1,61.07776484132011,1,0,80.73872665136996,0.012385630062237701,D
33,1,67300,"Sanbornton town, Belknap County, New Hampshire",3026,49.5554021179743,61.06296933674635,New Hampshire,43.4919731,-71.5905305,3,183.18890801023906,3,1,128.34799593153227,0.02337395280874009,D
33,9,42020,"Lisbon town, Grafton County, New Hampshire",1621,26.61092787302094,60.91482445613723,New Hampshire,43.94074,-71.82055,0,0.0,0,0,68.9220370818455,0.0,D
50,15,11500,"Cambridge town, Lamoille County, Vermont",3839,63.41326127423536,60.53938754857536,Vermont,44.6449462,-72.8766075,3,181.6181626457261,3,1,164.23971256765682,0.018265984231823237,D
33,11,46260,"Mason town, Hillsborough County, New Hampshire",1448,23.94898498549801,60.461852595290246,New Hampshire,42.7436132,-71.7680649,5,302.30926297645124,4,1,62.02763162258999,0.06448738885176507,D
50,25,18325,"Dummerston town, Windham County, Vermont",1865,30.865521587491067,60.42340786995909,Vermont,42.9324443,-72.5865272,5,302.11703934979545,4,1,79.94139225638598,0.05003665669433555,D
50,13,29275,"Grand Isle town, Grand Isle County, Vermont",2086,35.056960890604515,59.50316134103516,Vermont,44.7221373,-73.2952091,3,178.50948402310547,3,1,90.79717813705678,0.033040674408091754,D
33,13,1460,"Andover town, Merrimack County, New Hampshire",2406,40.96698654482286,58.73021676533478,New Hampshire,43.29765,-71.68019,0,0.0,0,0,106.10408548122575,0.0,D
50,23,55825,"Plainfield town, Washington County, Vermont",1236,21.127736347200813,58.50129799465034,Vermont,44.2780796,-72.425448,12,702.0155759358041,11,2,54.72062586188663,0.2010210926271878,D
50,3,1450,"Arlington town, Bennington County, Vermont",2457,42.03537798252814,58.45076499659986,Vermont,43.0737649,-73.1540374,14,818.310709952398,13,2,108.87120862096805,0.11940714321689146,D
50,11,24050,"Enosburgh town, Franklin County, Vermont",2810,48.09250720847439,58.42906022385228,Vermont,44.9066695,-72.804578,2,116.85812044770456,2,1,124.55911274487657,0.01605663331992757,D
33,3,58740,"Ossipee town, Carroll County, New Hampshire",4372,75.13380531335575,58.18951910882165,New Hampshire,43.7404069,-71.1316681,2,116.3790382176433,2,1,194.59580442353825,0.010277713879416409,D
33,7,56100,"Northumberland town, Coos County, New Hampshire",2126,36.6989598354415,57.93079720877663,New Hampshire,44.5995918,-71.5102774,4,231.72318883510653,4,1,95.04993898419512,0.042083141165036614,D
50,11,33025,"Highgate town, Franklin County, Vermont",3472,59.94153663384704,57.9231063295677,Vermont,44.9387324,-73.0447397,4,231.6924253182708,4,1,155.2479804662975,0.025765230491151883,D
50,1,45550,"Monkton town, Addison County, Vermont",2079,36.13128485357411,57.540162449948006,Vermont,44.254499,-73.1242887,5,287.70081224974,4,1,93.5796664579084,0.04274432845728486,D
33,13,50900,"Newbury town, Merrimack County, New Hampshire",2172,38.03237384797641,57.10924089781911,New Hampshire,43.29765,-71.68019,0,0.0,0,0,98.50346794252042,0.0,D
33,9,36900,"Holderness town, Grafton County, New Hampshire",2004,35.656610897201745,56.20276155177916,New Hampshire,43.94074,-71.82055,0,0.0,0,0,92.35026565764353,0.0,D
33,11,44580,"Lyndeborough town, Hillsborough County, New Hampshire",1702,30.49902586957711,55.805061029760665,New Hampshire,42.91531,-71.71601,1,55.805061029760665,1,0,78.99217201194601,0.012659482256656644,D
33,11,33700,"Hancock town, Hillsborough County, New Hampshire",1731,31.20014677102188,55.4805082393946,New Hampshire,42.91531,-71.71601,1,55.4805082393946,1,0,80.80806813547896,0.012375001940690472,D
50,11,64600,"Sheldon town, Franklin County, Vermont",2136,39.34735915307749,54.28572707230687,Vermont,44.8810313,-72.9462172,5,271.42863536153436,4,1,101.90926673287916,0.039250601326419644,D
50,11,59125,"Richford town, Franklin County, Vermont",2346,43.256645538945065,54.23444122332224,Vermont,44.9965604,-72.671942,14,759.2821771265114,13,2,112.03427937941233,0.11603591393643498,D
50,27,83050,"West Windsor town, Windsor County, Vermont",1344,24.822831963650504,54.143701329811854,Vermont,43.4686825,-72.4709245,10,541.4370132981186,9,2,64.29088655753516,0.13998873684757365,D
50,27,13675,"Chester town, Windsor County, Vermont",3005,55.77695603366296,53.87529570789769,Vermont,43.2629706,-72.5945649,4,215.50118283159077,4,1,144.46175835762674,0.027688988736366323,D
50,25,84700,"Wilmington town, Windham County, Vermont",2255,41.924878687267615,53.78667918924313,Vermont,42.868519,-72.871024,9,484.0801127031882,8,2,108.58501655123624,0.07367498992114783,D
50,25,40225,"Londonderry town, Windham County, Vermont",1919,35.76955128426341,53.6489816366316,Vermont,43.193006,-72.8150391,3,160.9469449098948,3,1,92.64278013072938,0.03238244789034464,D
33,9,7540,"Bridgewater town, Grafton County, New Hampshire",1160,21.6628729731726,53.54783741918947,New Hampshire,43.6934622,-71.7062144,1,53.54783741918947,1,0,56.1066243717873,0.017823207352015296,D
33,13,9860,"Canterbury town, Merrimack County, New Hampshire",2389,44.62399183433354,53.536223493163874,New Hampshire,43.3376272,-71.5654323,3,160.60867047949162,3,1,115.57569261100551,0.025957015114736418,D
33,9,76740,"Thornton town, Grafton County, New Hampshire",2708,50.59574697355847,53.52228521134812,New Hampshire,43.9182819,-71.6863397,2,107.04457042269624,2,1,131.0424787040467,0.015262226567897167,D
50,25,30925,"Guilford town, Windham County, Vermont",2120,39.76126028622189,53.31822947107701,Vermont,42.8177217,-72.5752194,9,479.8640652396931,8,2,102.98126652871183,0.0776840319571089,D
33,3,32500,"Hale's location, Carroll County, New Hampshire",132,2.483258002708093,53.155974874962105,New Hampshire,44.0461597,-71.1631704,7,372.0918241247347,6,2,6.431613394433933,0.9328918938430812,D
33,11,27140,"Francestown town, Hillsborough County, New Hampshire",1610,30.322146741527565,53.09650446995006,New Hampshire,42.9882585,-71.8136563,1,53.09650446995006,1,0,78.53405683908898,0.012733329210904424,D
33,13,78580,"Warner town, Merrimack County, New Hampshire",2937,55.37672399806578,53.03672351767477,New Hampshire,43.3261601,-71.8572934,0,0.0,0,0,143.42516138775036,0.0,D
33,5,19140,"Dublin town, Cheshire County, New Hampshire",1532,28.93997275005708,52.93716111038765,New Hampshire,42.9056755,-72.0608148,6,317.6229666623259,5,1,74.95424002292033,0.06670736703448724,D
50,7,80350,"Westford town, Chittenden County, Vermont",2062,39.00079734049,52.87071394971879,Vermont,44.5366901,-73.0316744,0,0.0,0,0,101.0116751038957,0.0,D
50,21,77950,"Wells town, Rutland County, Vermont",1214,23.17369682271657,52.38698034618056,Vermont,43.4171691,-73.2035181,6,314.32188207708333,5,1,60.01964303386768,0.08330606027061202,D
33,5,75300,"Surry town, Cheshire County, New Hampshire",820,15.973346916523768,51.33551561143043,New Hampshire,43.0198007,-72.321914,4,205.34206244572172,4,1,41.370808780327394,0.09668653134724492,D
33,7,13780,"Colebrook town, Coos County, New Hampshire",2084,40.628426209193336,51.29413552150922,New Hampshire,44.6896,-71.30542,0,0.0,0,0,105.22721759754864,0.0,D
50,25,17875,"Dover town, Windham County, Vermont",1798,35.48736808422684,50.66591570647252,Vermont,42.9395022,-72.8531357,7,354.66140994530764,6,2,91.91192846446665,0.06527988369126225,D
50,7,34600,"Huntington town, Chittenden County, Vermont",1934,38.33459846356505,50.450508874852616,Vermont,44.3161539,-72.9852327,3,151.35152662455783,3,1,99.28622667464884,0.030215671402547137,D
33,3,77620,"Tuftonboro town, Carroll County, New Hampshire",2467,49.34352767145358,49.99642539597384,New Hampshire,43.6693347,-71.2586168,1,49.99642539597384,1,0,127.79924323378805,0.007824772468884356,D
50,23,76525,"Warren town, Washington County, Vermont",1977,39.99471703967665,49.43152862011056,Vermont,44.1139265,-72.8555364,4,197.72611448044225,4,1,103.58591718559212,0.0386152877599501,D
50,27,2575,"Baltimore town, Windsor County, Vermont",229,4.650081273480024,49.246451090223886,Vermont,43.3604095,-72.5726315,1,49.246451090223886,1,0,12.043663997500525,0.08303121045286006,D
50,21,75925,"Wallingford town, Rutland County, Vermont",2129,43.26100877278338,49.21290696622426,Vermont,43.4717502,-72.9771002,7,344.49034876356984,6,2,112.04558011142122,0.05354963572890099,D
50,5,10450,"Burke town, Caledonia County, Vermont",1651,33.68288656229719,49.01598908236209,Vermont,44.6415291,-71.9796912,9,441.1439017412588,8,2,87.2383393674841,0.09170280014502201,D
33,5,34420,"Harrisville town, Cheshire County, New Hampshire",984,20.19300088323922,48.72975570544093,New Hampshire,42.91932,-72.25118,28,1364.433159752346,25,2,52.29967035758074,0.47801448515968126,D
50,1,76075,"Waltham town, Addison County, Vermont",446,9.219058855089862,48.37804021109621,Vermont,44.1258907,-73.233445,1,48.37804021109621,1,0,23.87727024409419,0.04188083435740902,D
33,13,84900,"Wilmot town, Merrimack County, New Hampshire",1407,29.564525692769163,47.590819302205865,New Hampshire,43.4477721,-71.9149415,1,47.590819302205865,1,0,76.5718258990152,0.01305963372636333,D
33,5,820,"Alstead town, Cheshire County, New Hampshire",1864,39.32194382547048,47.40355686059978,New Hampshire,43.1125726,-72.3233376,2,94.80711372119956,2,1,101.84344128853027,0.019637985271273844,D
50,19,73525,"Troy town, Orleans County, Vermont",1722,36.35614663238157,47.36475560548694,Vermont,44.995487,-72.4050977,18,852.565600898765,16,2,94.16205621640192,0.16991982379005216,D
50,17,25675,"Fairlee town, Orange County, Vermont",988,21.020562717319585,47.00159616497573,Vermont,43.906303,-72.147903,9,423.0143654847816,8,2,54.44304723223055,0.14694254650874797,D
33,19,62340,"Plainfield town, Sullivan County, New Hampshire",2459,52.890227999225296,46.49252032031357,New Hampshire,43.36122,-72.2224,1,46.49252032031357,1,0,136.9851616157135,0.00730006073800398,D
50,1,83275,"Weybridge town, Addison County, Vermont",814,17.51155544016852,46.48359209329988,Vermont,44.0661986,-73.2157386,2,92.96718418659977,2,1,45.35475347448207,0.04409681117824308,D
33,3,76100,"Tamworth town, Carroll County, New Hampshire",2812,60.53086257079973,46.4556406529141,New Hampshire,43.8550347,-71.2794286,3,139.3669219587423,3,1,156.77432874974556,0.019135785966520165,D
33,5,82660,"Westmoreland town, Cheshire County, New Hampshire",1706,36.77418847377117,46.39123447188475,New Hampshire,42.91932,-72.25118,28,1298.954565212773,25,2,95.24478040518258,0.2624815753015235,D
33,13,6980,"Bradford town, Merrimack County, New Hampshire",1662,35.865324386244446,46.34002420001623,New Hampshire,43.2374073,-71.9705041,1,46.34002420001623,1,0,92.89083150712925,0.010765325100176882,D
33,13,75460,"Sutton town, Merrimack County, New Hampshire",1978,43.256054710897374,45.72770247356119,New Hampshire,43.3569765,-71.9419626,1,45.72770247356119,1,0,112.03274914067708,0.008925961450292733,D
50,1,39325,"Leicester town, Addison County, Vermont",990,21.71329213765988,45.594191508294045,Vermont,43.8658693,-73.1083917,5,227.97095754147023,4,1,56.23720950361771,0.07112728450266868,D
33,5,29220,"Gilsum town, Cheshire County, New Hampshire",752,16.661251291636884,45.13466526835632,New Hampshire,42.91932,-72.25118,28,1263.770627513977,25,2,43.152474232826606,0.5793410562072059,D
50,23,44500,"Middlesex town, Washington County, Vermont",1779,39.80317891952779,44.694922573815006,Vermont,44.2920544,-72.6780549,3,134.08476772144502,3,1,103.08983536978776,0.029100832193968185,D
50,3,17725,"Dorset town, Bennington County, Vermont",2133,47.73225846953764,44.68676045071834,Vermont,43.2395196,-73.0087145,5,223.4338022535917,4,1,123.62607211351778,0.032355634467841544,D
33,3,27700,"Freedom town, Carroll County, New Hampshire",1689,37.832604527445554,44.64403181057016,New Hampshire,43.8319099,-71.1293242,0,0.0,0,0,97.9860674000387,0.0,D
50,23,46225,"Moretown town, Washington County, Vermont",1753,40.017333041029424,43.80601771244137,Vermont,44.2509107,-72.7613,6,262.8361062746482,5,1,103.6444924029358,0.048241830164613475,D
50,1,26300,"Ferrisburgh town, Addison County, Vermont",2646,61.071611411432016,43.32618607644426,Vermont,44.2057119,-73.2462973,5,216.6309303822213,4,1,158.1748628394948,0.025288468269821927,D
50,13,860,"Alburgh town, Grand Isle County, Vermont",2106,48.64894368568788,43.28973746288283,Vermont,44.9727805,-73.2196565,3,129.8692123886485,3,1,126.00027765649475,0.023809471342425757,D
50,23,11350,"Calais town, Washington County, Vermont",1661,38.42095881544223,43.23161241182788,Vermont,44.3694315,-72.4675733,8,345.85289929462306,7,2,99.50989912240722,0.07034476028750962,D
50,15,77425,"Waterville town, Lamoille County, Vermont",686,16.052507413346415,42.73475677884716,Vermont,44.6902339,-72.7691959,7,299.1432974519301,6,2,41.57583367549308,0.1443146046530561,D
50,15,85375,"Wolcott town, Lamoille County, Vermont",1670,39.12276281538316,42.68614688284112,Vermont,44.546609,-72.4578702,6,256.11688129704675,5,1,101.32756446421423,0.04934491445085355,D
50,27,5800,"Bethel town, Windsor County, Vermont",1942,45.49600321448143,42.68506819917445,Vermont,43.8325292,-72.6342101,7,298.79547739422117,6,2,117.83419336547476,0.050919006008641216,D
33,3,3700,"Bartlett town, Carroll County, New Hampshire",3200,75.07358183628705,42.62484780569335,New Hampshire,43.87391,-71.20277,3,127.87454341708005,3,1,194.4398262201651,0.015428937879234095,D
33,3,23620,"Effingham town, Carroll County, New Hampshire",1691,39.84044072749004,42.44430957896518,New Hampshire,43.7522,-71.0215,1,42.44430957896518,1,0,103.18634307979192,0.009691204961365092,D
50,25,43375,"Marlboro town, Windham County, Vermont",1722,40.64593988406418,42.36585511152455,Vermont,42.8596573,-72.7258755,1,42.36585511152455,1,0,105.27257784032737,0.00949914992598314,D
50,1,16000,"Cornwall town, Addison County, Vermont",1207,28.67865242337956,42.087054237458645,Vermont,43.9609015,-73.2098352,3,126.26116271237593,3,1,74.27742299002882,0.04038912335990341,D
50,25,9475,"Brookline town, Windham County, Vermont",540,12.848531043782508,42.02815077925268,Vermont,43.0315196,-72.6018248,1,42.02815077925268,1,0,33.27756691808626,0.030050273881547,D
33,9,580,"Alexandria town, Grafton County, New Hampshire",1776,43.26841977392235,41.04610266054564,New Hampshire,43.6120329,-71.7953994,2,82.09220532109128,2,1,112.06477453026115,0.01784682125479077,D
50,25,48400,"Newfane town, Windham County, Vermont",1645,40.22698801850507,40.89294478729735,Vermont,42.9855947,-72.6554243,5,204.46472393648676,4,1,104.18749669804794,0.038392322752437764,D
33,19,77940,"Unity town, Sullivan County, New Hampshire",1518,37.13069996000981,40.88261200663881,New Hampshire,43.3259284,-72.2784599,1,40.88261200663881,1,0,96.16814158942579,0.010398454035530157,D
50,1,48700,"New Haven town, Addison County, Vermont",1683,41.31655083399571,40.73428120275735,Vermont,44.1244783,-73.1537566,2,81.4685624055147,2,1,107.00945349454055,0.018689937521286722,D
50,1,62575,"Salisbury town, Addison County, Vermont",1221,30.03917517267661,40.64692166083879,Vermont,43.8963386,-73.1002327,3,121.94076498251638,3,1,77.80116330548069,0.03855983474463891,D
33,19,40900,"Langdon town, Sullivan County, New Hampshire",651,16.292811038623263,39.95627264422072,New Hampshire,43.1673902,-72.3805156,8,319.65018115376574,7,2,42.19821766192386,0.16588378343562632,D
50,19,16150,"Coventry town, Orleans County, Vermont",1100,27.762530657627583,39.62174823201075,Vermont,44.8658913,-72.2648552,3,118.86524469603225,3,1,71.90467677794885,0.04172190369848121,D
50,27,63775,"Sharon town, Windsor County, Vermont",1560,40.21903699277276,38.78760200748535,Vermont,43.7842237,-72.4535483,2,77.5752040149707,2,1,104.16690362091151,0.01919995632469294,D
50,1,70075,"Starksboro town, Addison County, Vermont",1756,45.52937504245166,38.56850656005497,Vermont,44.2273281,-73.0568483,3,115.70551968016491,3,1,117.92062606619938,0.025440841861845545,D
50,5,17125,"Danville town, Caledonia County, Vermont",2335,60.93011656797205,38.32259203697953,Vermont,44.411562,-72.1400382,6,229.93555222187717,5,1,157.8083926098819,0.03168399295695571,D
50,5,2875,"Barnet town, Caledonia County, Vermont",1663,43.53081930789975,38.20281874865166,Vermont,44.2966923,-72.0495301,6,229.21691249190997,5,1,112.74438669926725,0.04434810589139952,D
33,13,35860,"Hill town, Merrimack County, New Hampshire",1017,26.68122371796353,38.116692500700026,New Hampshire,43.29765,-71.68019,0,0.0,0,0,69.10410261728836,0.0,D
33,19,15060,"Cornish town, Sullivan County, New Hampshire",1616,42.529888807675405,37.99680754651677,New Hampshire,43.460263,-72.3293499,0,0.0,0,0,110.15198671299122,0.0,D
33,9,74740,"Sugar Hill town, Grafton County, New Hampshire",647,17.195787122984985,37.62549485944604,New Hampshire,44.2307048,-71.8129817,5,188.1274742972302,4,1,44.53691669065988,0.08981313250270119,D
50,23,11125,"Cabot town, Washington County, Vermont",1443,38.39986517725907,37.578256937593736,Vermont,44.4028778,-72.3104466,4,150.31302775037494,4,1,99.45526681044922,0.04021908671386463,D
50,23,25825,"Fayston town, Washington County, Vermont",1364,36.39760897457013,37.474989111317285,Vermont,44.2420023,-72.8381728,0,0.0,0,0,94.26944326804689,0.0,D
50,11,5425,"Berkshire town, Franklin County, Vermont",1547,41.69067806982945,37.106616433747256,Vermont,44.9715357,-72.7743747,0,0.0,0,0,107.97843929407757,0.0,D
50,19,9850,"Brownington town, Orleans County, Vermont",1042,28.316853185154446,36.79787415595617,Vermont,44.8232873,-72.1463616,5,183.98937077978087,4,1,73.34036658101816,0.054540223705880325,D
50,23,43600,"Marshfield town, Washington County, Vermont",1583,43.48046167694718,36.40715712177656,Vermont,44.3513146,-72.3535081,8,291.25725697421245,7,2,112.61396093867641,0.062159255758811545,D
33,9,48980,"Monroe town, Grafton County, New Hampshire",864,23.777928712868672,36.33621794535876,New Hampshire,44.2614383,-72.0546878,4,145.34487178143505,4,1,61.58459758704273,0.06495130530562387,D
33,13,66980,"Salisbury town, Merrimack County, New Hampshire",1422,39.731783094541406,35.78998698891425,New Hampshire,43.3919279,-71.7297626,5,178.94993494457125,4,1,102.90492089703129,0.03887083304794024,D
50,17,48175,"Newbury town, Orange County, Vermont",2293,64.43612754840356,35.5856269959353,Vermont,44.0792316,-72.0584234,6,213.5137619756118,5,1,166.88892598908973,0.029960046602054785,D
33,19,30500,"Goshen town, Sullivan County, New Hampshire",796,22.4909797651682,35.39196639324561,New Hampshire,43.3024738,-72.1494946,2,70.78393278649122,2,1,58.25141268198798,0.03433393128023526,D
50,13,67000,"South Hero town, Grand Isle County, Vermont",1674,47.38589718795149,35.32696644658312,Vermont,44.79683,-73.29483,4,141.30786578633248,4,1,122.72899985782247,0.03259213392624293,D
50,19,48925,"Newport town, Orleans County, Vermont",1526,43.260273846117016,35.27485760788756,Vermont,44.950776,-72.3065868,3,105.82457282366269,3,1,112.0436766587046,0.02677527272813688,D
50,11,26500,"Fletcher town, Franklin County, Vermont",1346,38.184581560719856,35.24982977382207,Vermont,44.6750496,-72.9234678,1,35.24982977382207,1,0,98.89768439644881,0.01011146020357083,D
50,27,12250,"Cavendish town, Windsor County, Vermont",1392,39.518137140329145,35.22433243897605,Vermont,43.3820189,-72.6085084,6,211.3459946338563,5,1,102.35158001208107,0.048851224372010914,D
33,9,65940,"Rumney town, Grafton County, New Hampshire",1498,42.53005092037631,35.222153926044385,New Hampshire,43.8431329,-71.7332105,1,35.222153926044385,1,0,110.15240658326543,0.009078330932734446,D
33,5,74900,"Sullivan town, Cheshire County, New Hampshire",658,18.693098474402568,35.200156940329265,New Hampshire,43.0153808,-72.2167076,0,0.0,0,0,48.4149381177179,0.0,D
50,21,44800,"Middletown Springs town, Rutland County, Vermont",794,22.666101085118417,35.03028584485164,Vermont,43.4853063,-73.1182549,8,280.2422867588131,7,2,58.70497514944584,0.11924031961822708,D
50,25,83950,"Whitingham town, Windham County, Vermont",1344,38.90984585088163,34.541385878287855,Vermont,42.7971929,-72.8213705,5,172.70692939143927,4,1,100.77611165532491,0.0396919461794758,D
33,19,41700,"Lempster town, Sullivan County, New Hampshire",1118,32.684506677055154,34.205809224737266,New Hampshire,43.2472566,-72.2018102,0,0.0,0,0,84.65254544850607,0.0,D
50,19,16300,"Craftsbury town, Orleans County, Vermont",1343,39.51388477234595,33.988052750002126,Vermont,44.6361057,-72.3732957,10,339.88052750002123,9,2,102.3405664215283,0.08794166687460082,D
50,11,27100,"Franklin town, Franklin County, Vermont",1363,40.565737719067926,33.59978337973925,Vermont,44.9757428,-73.1045792,1,33.59978337973925,1,0,105.06485503500873,0.00951793061216131,D
33,7,16820,"Dalton town, Coos County, New Hampshire",933,28.025996102485266,33.29052057911562,New Hampshire,44.4109112,-71.7231337,2,66.58104115823124,2,1,72.5870496454758,0.02755312427999553,D
50,23,18550,"Duxbury town, Washington County, Vermont",1413,42.573609250985285,33.189575064446736,Vermont,44.3270717,-72.7526123,17,564.2227760955946,15,2,110.26522222395937,0.13603563932001647,D
50,21,54250,"Pawlet town, Rutland County, Vermont",1424,42.95549547691324,33.15058956229104,Vermont,43.3463042,-73.1773268,2,66.30117912458208,2,1,111.25430373025051,0.017976832652238258,D
33,13,16980,"Danbury town, Merrimack County, New Hampshire",1250,37.96774519036197,32.92268196946575,New Hampshire,43.5262075,-71.8648831,2,65.8453639389315,2,1,98.33608036558559,0.02033841487849189,D
33,9,35220,"Hebron town, Grafton County, New Hampshire",632,19.222987256128185,32.877304218079935,New Hampshire,43.94074,-71.82055,0,0.0,0,0,49.78734476349943,0.0,D
33,9,30820,"Grafton town, Grafton County, New Hampshire",1385,42.32702237274796,32.721413469701695,New Hampshire,43.94074,-71.82055,0,0.0,0,0,109.62656467519348,0.0,D
33,3,7940,"Brookfield town, Carroll County, New Hampshire",755,23.191290071503552,32.55532562751699,New Hampshire,43.5599007,-71.0670031,2,65.11065125503399,2,1,60.06520937229348,0.03329714523433507,D
50,5,77125,"Waterford town, Caledonia County, Vermont",1268,39.57834626369579,32.03772061499962,Vermont,44.3546769,-71.9076529,2,64.07544122999924,2,1,102.50752103950946,0.019510763500262,D
33,9,44260,"Lyme town, Grafton County, New Hampshire",1745,54.91784389877195,31.77473615345305,New Hampshire,43.8532486,-72.1194048,2,63.5494723069061,2,1,142.23666651938035,0.014061071936943148,D
33,5,64420,"Richmond town, Cheshire County, New Hampshire",1197,37.67421877845755,31.77239074389129,New Hampshire,42.762493,-72.2685434,2,63.54478148778258,2,1,97.57584989401727,0.02049687501745888,D
50,5,61525,"Ryegate town, Caledonia County, Vermont",1165,36.7090175182342,31.736071373234605,Vermont,44.2083985,-72.1036629,1,31.736071373234605,1,0,95.07598828205138,0.010517902764611934,D
50,17,7600,"Braintree town, Orange County, Vermont",1207,38.60465843942406,31.265656757304217,Vermont,43.9701905,-72.7220141,3,93.79697027191266,3,1,99.98567931152391,0.030004296821877302,D
50,21,16825,"Danby town, Rutland County, Vermont",1284,41.58347386860535,30.87765115673496,Vermont,43.3555343,-73.0581645,2,61.75530231346992,2,1,107.70078148494918,0.018569967389507693,D
50,7,6550,"Bolton town, Chittenden County, Vermont",1301,42.20908732915173,30.82274652978492,Vermont,44.4542417,-72.8247274,2,61.64549305956984,2,1,109.32111409162968,0.018294727570409317,D
33,11,85940,"Windsor town, Hillsborough County, New Hampshire",262,8.501392707174022,30.818479868469968,New Hampshire,43.125864,-72.0207649,0,0.0,0,0,22.018522097653644,0.0,D
50,17,13525,"Chelsea town, Orange County, Vermont",1233,40.04599802123938,30.789593490616664,Vermont,43.9891914,-72.447778,5,153.94796745308332,4,1,103.71873441502977,0.03856583887722761,D
50,25,73300,"Townshend town, Windham County, Vermont",1291,42.55027194266318,30.34058164750704,Vermont,43.0462583,-72.6679825,1,30.34058164750704,1,0,110.2047788287782,0.009074016668130784,D
50,11,2500,"Bakersfield town, Franklin County, Vermont",1273,41.99879777779997,30.31039142441576,Vermont,44.782149,-72.801583,3,90.93117427324728,3,1,108.77646625652415,0.0275794949334463,D
50,19,35575,"Irasburg town, Orleans County, Vermont",1233,40.691418107109655,30.301229530866824,Vermont,44.8034297,-72.2791407,4,121.2049181234673,4,1,105.39036598323293,0.03795413330888688,D
50,21,44125,"Mendon town, Rutland County, Vermont",1149,37.94263992135318,30.28255288460757,Vermont,43.6513739,-72.9275253,3,90.8476586538227,3,1,98.27105796990551,0.030527808105197347,D
50,17,9325,"Brookfield town, Orange County, Vermont",1244,41.14416287051873,30.235151555152207,Vermont,44.0423475,-72.6036291,6,181.41090933091323,5,1,106.5629703930148,0.04692061399526969,D
50,17,15700,"Corinth town, Orange County, Vermont",1455,48.20604147877131,30.182938805310204,Vermont,44.0238012,-72.2898224,3,90.54881641593062,3,1,124.8531653696029,0.024028225404771262,D
50,21,37685,"Killington town, Rutland County, Vermont",1407,46.83012147135729,30.04476511683968,Vermont,43.67433,-72.7784445,4,120.17906046735872,4,1,121.28954630960065,0.03297893447296522,D
50,17,73675,"Tunbridge town, Orange County, Vermont",1337,44.64391247646256,29.948092042893897,Vermont,43.8873027,-72.4944467,5,149.7404602144695,4,1,115.62728687491325,0.0345939103831714,D
50,11,25225,"Fairfield town, Franklin County, Vermont",2044,68.4481028797638,29.862040202786897,Vermont,44.8016403,-72.945525,4,119.44816081114759,4,1,177.2799019775594,0.02256318937104518,D
50,25,76225,"Wardsboro town, Windham County, Vermont",869,29.162540879619005,29.79850087779296,Vermont,43.0408075,-72.7895931,7,208.58950614455074,6,2,75.53068925280442,0.07943790874087943,D
50,1,83800,"Whiting town, Addison County, Vermont",405,13.691455667742016,29.58049237629327,Vermont,43.8641679,-73.200708,3,88.74147712887981,3,1,35.46073326489514,0.08460061943980986,D
50,1,53950,"Panton town, Addison County, Vermont",646,21.95867444017444,29.41889783739005,Vermont,44.1487741,-73.3409047,3,88.25669351217014,3,1,56.8727472133074,0.052749342118962095,D
50,13,35875,"Isle La Motte town, Grand Isle County, Vermont",488,16.62727584106544,29.349365744853728,Vermont,44.8273854,-73.3654319,0,0.0,0,0,43.06447815560108,0.0,D
50,1,40075,"Lincoln town, Addison County, Vermont",1323,45.44280981470707,29.113516646407405,Vermont,44.1058196,-72.9971373,0,0.0,0,0,117.69642299199315,0.0,D
50,19,28075,"Glover town, Orleans County, Vermont",1114,38.497385589526,28.93702995517406,Vermont,44.7070889,-72.1870049,2,57.87405991034812,2,1,99.70784370301644,0.0200586024702036,D
33,5,45700,"Marlow town, Cheshire County, New Hampshire",749,26.394319166143923,28.37731844058113,New Hampshire,43.1205079,-72.205072,2,56.75463688116226,2,1,68.36102269712109,0.029256437675913044,D
33,19,72740,"Springfield town, Sullivan County, New Hampshire",1259,44.4169963846998,28.345005346504795,New Hampshire,43.5254508,-71.9404565,0,0.0,0,0,115.03957646640863,0.0,D
50,21,47200,"Mount Holly town, Rutland County, Vermont",1385,49.46269684619587,28.000899431477706,Vermont,43.4476574,-72.8258115,2,56.00179886295541,2,1,128.10789020467882,0.015611840900701642,D
33,9,3940,"Bath town, Grafton County, New Hampshire",1077,38.494817237053184,27.9777922666258,New Hampshire,44.2091786,-72.0388709,0,0.0,0,0,99.70119169579537,0.0,D
50,1,325,"Addison town, Addison County, Vermont",1365,48.9506768813771,27.885211951365346,Vermont,44.0891049,-73.3020855,3,83.65563585409603,3,1,126.78176361599786,0.023662709166016423,D
33,9,5460,"Bethlehem town, Grafton County, New Hampshire",2484,90.76745610832528,27.366636749580174,New Hampshire,44.2813226,-71.6862731,5,136.83318374790088,4,1,235.08680364600136,0.017014991645482935,D
50,1,65050,"Shoreham town, Addison County, Vermont",1260,46.09235011607092,27.336423437447564,Vermont,43.893687,-73.316231,1,27.336423437447564,1,0,119.3787258771225,0.008376701901051517,D
50,9,41425,"Lunenburg town, Essex County, Vermont",1246,45.60326735488385,27.322603670119715,Vermont,44.4631136,-71.6820321,3,81.96781101035914,3,1,118.11200641647561,0.025399619319154382,D
50,17,79975,"West Fairlee town, Orange County, Vermont",621,22.73794916479025,27.31117021589701,Vermont,43.8917446,-72.2207923,1,27.31117021589701,1,0,58.8910609573151,0.016980505763426666,D
50,25,1900,"Athens town, Windham County, Vermont",380,14.00897975686046,27.12545856980819,Vermont,43.1332233,-72.5679131,2,54.25091713961638,2,1,36.28311748047102,0.055122055073588354,D
33,5,50580,"Nelson town, Cheshire County, New Hampshire",629,23.2397343493659,27.06571385645647,New Hampshire,42.9969469,-72.0964816,5,135.32856928228233,4,1,60.19067956751418,0.06645547165675897,D
50,9,11800,"Canaan town, Essex County, Vermont",896,33.2678407741292,26.932917170169222,Vermont,45.0101916,-71.5048734,11,296.26208887186147,10,2,86.16337492658687,0.11605859227914674,D
50,17,53425,"Orange town, Orange County, Vermont",1048,38.94030354367214,26.91299000339461,Vermont,44.1539817,-72.0408942,12,322.95588004073534,11,2,100.85499677507539,0.1090674765924782,D
50,3,85075,"Winhall town, Bennington County, Vermont",1182,44.37754804189764,26.63509031377877,Vermont,43.1449665,-72.8654414,4,106.54036125511507,4,1,114.93740565303446,0.034801551133622585,D
50,1,8575,"Bridport town, Addison County, Vermont",1225,46.14718042958532,26.54550047470816,Vermont,43.985058,-73.3126201,4,106.18200189883264,4,1,119.52073584082167,0.03346699609787561,D
50,19,13150,"Charleston town, Orleans County, Vermont",1021,38.46647386710188,26.54259403987641,Vermont,44.850727,-72.0256637,0,0.0,0,0,99.6277826510552,0.0,D
50,17,76750,"Washington town, Orange County, Vermont",1032,39.00716004658408,26.45668125460915,Vermont,44.0799321,-72.46229,0,0.0,0,0,101.0281544490523,0.0,D
33,5,73700,"Stoddard town, Cheshire County, New Hampshire",1374,52.9569320387762,25.94561178494872,New Hampshire,43.0793254,-72.1118093,1,25.94561178494872,1,0,137.15792441110997,0.007290865652083305,D
33,9,58500,"Orford town, Grafton County, New Hampshire",1237,47.81069611933155,25.872871562307942,New Hampshire,43.8821876,-72.1024852,1,25.872871562307942,1,0,123.82922484210752,0.008075638051316905,D
50,21,34450,"Hubbardton town, Rutland County, Vermont",735,28.77976618968353,25.53877592874504,Vermont,43.7073565,-73.1844929,2,51.07755185749008,2,1,74.53930663361844,0.0268314811382746,D
50,19,475,"Albany town, Orleans County, Vermont",976,38.79793878536413,25.15597556353121,Vermont,44.7318355,-72.3795576,7,176.0918289447185,6,2,100.48627347470524,0.059709647820807496,D
33,19,78980,"Washington town, Sullivan County, New Hampshire",1192,47.60759548633651,25.03802151364916,New Hampshire,43.36122,-72.2224,1,25.03802151364916,1,0,123.30319623365668,0.008110089847995695,D
50,1,53725,"Orwell town, Addison County, Vermont",1239,49.627467328695225,24.96601311112233,Vermont,43.8036709,-73.2976629,2,49.93202622224466,2,1,128.53464410664733,0.015560007295313835,D
50,23,86125,"Worcester town, Washington County, Vermont",964,38.670850922702456,24.92833689972065,Vermont,44.3736006,-72.5504119,2,49.8566737994413,2,1,100.15711718129013,0.01996862585790968,D
50,17,70675,"Strafford town, Orange County, Vermont",1094,44.15695735332966,24.775257752615666,Vermont,43.8662782,-72.3776201,3,74.325773257847,3,1,114.36607797555027,0.02623155443558495,D
50,5,75700,"Walden town, Caledonia County, Vermont",956,38.8080809613652,24.63404467105012,Vermont,44.452307,-72.2567582,3,73.90213401315036,3,1,100.51254160912625,0.0298470215952395,D
50,21,71050,"Sudbury town, Rutland County, Vermont",545,22.17825707903492,24.573617216980857,Vermont,43.7992035,-73.2048157,5,122.86808608490429,4,1,57.44146405212965,0.06963610809727784,D
50,21,55450,"Pittsfield town, Rutland County, Vermont",504,20.526131786653234,24.554066262388385,Vermont,43.7730063,-72.8131838,6,147.3243975743303,5,1,53.162476066114,0.0940513002776976,D
50,17,73075,"Topsham town, Orange County, Vermont",1199,48.89366219457003,24.522605715821324,Vermont,44.121175,-72.2328727,0,0.0,0,0,126.63409614731441,0.0,D
33,9,87060,"Woodstock town, Grafton County, New Hampshire",1434,59.19312772019316,24.225785242816368,New Hampshire,43.94074,-71.82055,0,0.0,0,0,153.30960886402306,0.0,D
50,23,85525,"Woodbury town, Washington County, Vermont",928,38.90232663287041,23.85461437198178,Vermont,44.4413834,-72.4151253,4,95.41845748792711,4,1,100.75663695586803,0.03969961801873183,D
50,5,71575,"Sutton town, Caledonia County, Vermont",913,38.34182843696178,23.812114268391586,Vermont,44.633176,-72.0264149,4,95.24845707356634,4,1,99.30495223344663,0.04027996499708069,D
50,5,37900,"Kirby town, Caledonia County, Vermont",575,24.61513541918273,23.3596114832624,Vermont,44.5159914,-71.9383265,1,23.3596114832624,1,0,63.752954584329075,0.01568554754081636,D
50,27,56350,"Pomfret town, Windsor County, Vermont",916,39.533756156047474,23.17007259275766,Vermont,43.7210187,-72.4811221,2,46.34014518551532,2,1,102.39203310660139,0.019532769682557037,D
50,3,71425,"Sunderland town, Bennington County, Vermont",1056,45.72886882839915,23.09263332016184,Vermont,43.03546,-73.09295,0,0.0,0,0,118.43731297686551,0.0,D
33,11,68820,"Sharon town, Hillsborough County, New Hampshire",359,15.63401560103971,22.96275052815768,New Hampshire,42.91531,-71.71601,1,22.96275052815768,1,0,40.49194406653684,0.024696270407683768,D
50,15,23725,"Elmore town, Lamoille County, Vermont",886,39.67724667696739,22.33017848273031,Vermont,44.5412099,-72.5236752,9,200.9716063445728,8,2,102.76367212087877,0.0778485220982544,D
50,21,65275,"Shrewsbury town, Rutland County, Vermont",1096,49.99407820600293,21.92259642199784,Vermont,43.5289585,-72.8274279,2,43.84519284399568,2,1,129.48416261276552,0.015445904422930755,D
33,19,260,"Acworth town, Sullivan County, New Hampshire",853,38.98909231548871,21.877913779006835,New Hampshire,43.2586119,-72.2478658,0,0.0,0,0,100.98135920619261,0.0,D
50,3,69775,"Stamford town, Bennington County, Vermont",861,39.54389730594186,21.77327119121934,Vermont,42.7470255,-73.1037152,2,43.54654238243868,2,1,102.41829858341636,0.019527760445767074,D
50,21,5200,"Benson town, Rutland County, Vermont",974,45.04926162772603,21.62077611945901,Vermont,43.7067307,-73.3106978,6,129.72465671675405,5,1,116.67713712319414,0.04285329691215105,D
33,19,16340,"Croydon town, Sullivan County, New Hampshire",801,37.47642719219712,21.37343551700079,New Hampshire,43.4489666,-72.1396412,1,21.37343551700079,1,0,97.06357166351862,0.010302526301696462,D
50,9,15250,"Concord town, Essex County, Vermont",1141,53.39558824061105,21.3688066298367,Vermont,44.4288767,-71.888608,3,64.10641988951011,3,1,138.2940395873002,0.02169290888423434,D
50,9,8725,"Brighton town, Essex County, Vermont",1157,54.23101988606888,21.334653164013528,Vermont,44.7245826,-71.8739027,0,0.0,0,0,140.4577991947195,0.0,D
33,7,47860,"Milan town, Coos County, New Hampshire",1358,64.31028709299504,21.11637284461632,New Hampshire,44.6896,-71.30542,0,0.0,0,0,166.5630004679862,0.0,D
50,11,45850,"Montgomery town, Franklin County, Vermont",1184,56.407207034217706,20.990225580248328,Vermont,44.8775443,-72.6080193,5,104.95112790124165,4,1,146.0941021465535,0.02737961314815722,D
50,15,23500,"Eden town, Lamoille County, Vermont",1338,63.86390034613121,20.950803078864165,Vermont,44.7074205,-72.5454357,2,41.90160615772833,2,1,165.40686325747635,0.012091396696682116,D
50,5,64075,"Sheffield town, Caledonia County, Vermont",682,32.67708453078609,20.87089499546592,Vermont,44.6020032,-72.1142013,1,20.87089499546592,1,0,84.63332216389065,0.011815677022148805,D
33,7,38820,"Jefferson town, Coos County, New Hampshire",1043,50.219752042675445,20.76872062438073,New Hampshire,44.6896,-71.30542,0,0.0,0,0,130.06865559300897,0.0,D
50,19,30175,"Greensboro town, Orleans County, Vermont",811,39.384353120018886,20.59193399796561,Vermont,44.5760038,-72.2956806,4,82.36773599186245,4,1,102.00508073731771,0.0392137329933668,D
50,27,2725,"Barnard town, Windsor County, Vermont",992,48.52062395666778,20.444914329335987,Vermont,43.7286349,-72.6188601,1,20.444914329335987,1,0,125.66793084152997,0.007957479631466377,D
33,9,44100,"Lyman town, Grafton County, New Hampshire",585,28.6247926374107,20.43682926930426,New Hampshire,44.2678475,-71.9368123,0,0.0,0,0,74.13792668296733,0.0,D
50,25,36175,"Jamaica town, Windham County, Vermont",1005,49.51391903559206,20.297322845270568,Vermont,43.1001334,-72.7784018,2,40.594645690541135,2,1,128.24055516299308,0.015595690438629265,D
50,13,50650,"North Hero town, Grand Isle County, Vermont",939,46.47057759333348,20.20633374125968,Vermont,44.8167213,-73.2905316,6,121.23800244755807,5,1,120.35833126095777,0.04154261651533812,D
33,9,80500,"Wentworth town, Grafton County, New Hampshire",845,41.99667014332197,20.12064282992604,New Hampshire,43.8740717,-71.9138027,1,20.12064282992604,1,0,108.77095570450247,0.009193630721758989,D
50,3,39025,"Landgrove town, Bennington County, Vermont",177,8.877033333462315,19.939093766021102,Vermont,43.2597253,-72.8487723,2,39.878187532042205,2,1,22.99142756333406,0.08698894379179531,D
50,27,1300,"Andover town, Windsor County, Vermont",568,28.939728660880554,19.626998119294647,Vermont,43.2773768,-72.6961949,1,19.626998119294647,1,0,74.95360783439402,0.01334158593418807,D
50,25,31150,"Halifax town, Windham County, Vermont",771,39.65366126016299,19.443349630228592,Vermont,42.7875094,-72.7710353,2,38.886699260457185,2,1,102.70258612720954,0.019473706314685774,D
33,9,61060,"Piermont town, Grafton County, New Hampshire",769,39.75305787839703,19.34442382652272,New Hampshire,43.9662228,-72.0714899,3,58.033271479568164,3,1,102.96002237446952,0.029137522805588425,D
50,21,72925,"Tinmouth town, Rutland County, Vermont",553,28.67772004860833,19.283262374507903,Vermont,43.4487463,-73.0503403,5,96.41631187253951,4,1,74.27500814869508,0.053853915330338134,D
50,27,60100,"Rochester town, Windsor County, Vermont",1099,57.00392590045547,19.27937387890013,Vermont,43.8747279,-72.8085322,3,57.83812163670039,3,1,147.63959804292065,0.02031975188071064,D
50,3,58600,"Readsboro town, Bennington County, Vermont",702,36.41450799461632,19.278030616362763,Vermont,42.7720265,-72.9420439,4,77.11212246545105,4,1,94.31321156097633,0.04241187352011526,D
50,5,83500,"Wheelock town, Caledonia County, Vermont",759,39.75864824906055,19.09018624691131,Vermont,44.5877555,-72.0834638,1,19.09018624691131,1,0,102.97450137858432,0.009711141948855027,D
50,19,46450,"Morgan town, Orleans County, Vermont",638,34.28033647528211,18.611252560488456,Vermont,44.82881,-72.24381,0,0.0,0,0,88.78572866761591,0.0,D
50,17,74950,"Vershire town, Orange County, Vermont",672,36.12916116122227,18.599933638128945,Vermont,43.9708211,-72.3248504,4,74.39973455251578,4,1,93.57416611595406,0.0427468409928797,D
50,27,8275,"Bridgewater town, Windsor County, Vermont",903,49.71650835915401,18.16298106610168,Vermont,43.5878764,-72.6252616,4,72.65192426440672,4,1,128.76525948512528,0.031064279418177014,D
33,5,65700,"Roxbury town, Cheshire County, New Hampshire",220,12.178736022649062,18.064271989380604,New Hampshire,42.9338519,-72.2396322,3,54.192815968141815,3,1,31.54280451130084,0.09510885434822988,D
50,5,30550,"Groton town, Caledonia County, Vermont",984,54.83718426943329,17.944028547587006,Vermont,44.2104648,-72.1955074,1,17.944028547587006,1,0,142.0277588859895,0.0070408771344673115,D
50,27,82000,"Weston town, Windsor County, Vermont",623,35.5515699656366,17.52383932980115,Vermont,43.2917153,-72.7932204,2,35.0476786596023,2,1,92.07821069529913,0.021720665344142118,D
33,7,73380,"Stewartstown town, Coos County, New Hampshire",813,46.753942882035886,17.388907755892742,New Hampshire,44.9954275,-71.5310293,15,260.83361633839115,14,2,121.09224452504412,0.11561434057904955,D
50,25,84850,"Windham town, Windham County, Vermont",449,26.13626632636435,17.179194395761176,Vermont,43.1793702,-72.7258735,3,51.53758318728353,3,1,67.6926684226204,0.04431794564915557,D
50,25,28900,"Grafton town, Windham County, Vermont",645,38.21181252840969,16.879597101562663,Vermont,43.1714901,-72.6065919,3,50.638791304687985,3,1,98.9682123304558,0.03031276335459078,D
33,9,78740,"Warren town, Grafton County, New Hampshire",825,48.90005269723146,16.871147462929187,New Hampshire,43.9244913,-71.8914589,4,67.48458985171675,4,1,126.6506474853025,0.031582941575282436,D
50,21,14350,"Chittenden town, Rutland County, Vermont",1237,73.69354486143847,16.78573072208504,Vermont,43.707734,-72.9476604,6,100.71438433251025,5,1,190.865544255677,0.0261964516408586,D
50,27,58375,"Reading town, Windsor County, Vermont",687,41.31110484123603,16.629911076942403,Vermont,43.5000057,-72.5929151,0,0.0,0,0,106.9953484277529,0.0,D
50,21,35425,"Ira town, Rutland County, Vermont",368,22.146961113327848,16.616275168268608,Vermont,43.5346161,-73.0623435,3,49.84882550480582,3,1,57.36040781390799,0.05230088338515264,D
33,9,27300,"Franconia town, Grafton County, New Hampshire",1083,65.69099926071297,16.486276844439736,New Hampshire,44.2092205,-71.7286408,5,82.43138422219869,4,1,170.13903117525396,0.02351018442017427,D
50,19,33775,"Holland town, Orleans County, Vermont",632,38.3410228984102,16.48364994524457,Vermont,44.82881,-72.24381,0,0.0,0,0,99.30286589665343,0.0,D
33,7,10100,"Carroll town, Coos County, New Hampshire",820,50.19212942874657,16.3372227744209,New Hampshire,44.2650235,-71.5319124,5,81.6861138721045,4,1,129.9971132991593,0.03076991402720531,D
50,5,69925,"Stannard town, Caledonia County, Vermont",208,12.770653899859248,16.28734140248625,Vermont,44.5423428,-72.2149365,0,0.0,0,0,33.07586589409645,0.0,D
50,19,36325,"Jay town, Orleans County, Vermont",551,33.900651347253486,16.253375026808744,Vermont,44.9481252,-72.4381452,1,16.253375026808744,1,0,87.80234798287304,0.011389217065072822,D
50,23,60625,"Roxbury town, Washington County, Vermont",678,41.94679313355896,16.16333334091219,Vermont,44.093291,-72.7332921,2,32.32666668182438,2,1,108.64177474798637,0.018409124893618043,D
33,3,23380,"Eaton town, Carroll County, New Hampshire",405,25.54947306526316,15.851598933781316,New Hampshire,43.87391,-71.20277,3,47.55479680134395,3,1,66.17287974430093,0.04533579332790594,D
50,19,40525,"Lowell town, Orleans County, Vermont",887,56.01449550527729,15.83518680296662,Vermont,44.7993453,-72.447494,5,79.1759340148331,4,1,145.0769832137131,0.02757156863475438,D
50,5,47725,"Newark town, Caledonia County, Vermont",584,37.08350286821656,15.74824261007267,Vermont,44.6885171,-71.9517377,2,31.49648522014534,2,1,96.0459015936522,0.020823376810616377,D
33,9,40660,"Landaff town, Grafton County, New Hampshire",446,28.41903222612024,15.693708232262628,New Hampshire,43.94074,-71.82055,0,0.0,0,0,73.60500927532915,0.0,D
50,3,61000,"Rupert town, Bennington County, Vermont",698,44.53213420724719,15.674074742333078,Vermont,43.2917417,-73.2484415,0,0.0,0,0,115.33778227542814,0.0,D
50,27,70375,"Stockbridge town, Windsor County, Vermont",718,45.95664883478496,15.623419422535004,Vermont,43.7867833,-72.7541561,2,31.24683884507001,2,1,119.02726091560469,0.01680287343097044,D
33,3,67780,"Sandwich town, Carroll County, New Hampshire",1466,93.96459752594863,15.60162059540732,New Hampshire,43.8641932,-71.4470228,0,0.0,0,0,243.3673679462317,0.0,D
33,3,38260,"Jackson town, Carroll County, New Hampshire",1028,66.67343368106174,15.418434948431315,New Hampshire,43.87391,-71.20277,3,46.25530484529395,3,1,172.68352649961307,0.017372821025905573,D
50,1,59650,"Ripton town, Addison County, Vermont",739,49.24728440967656,15.005903550994468,Vermont,43.9738222,-73.0337694,5,75.02951775497235,4,1,127.54997414821818,0.03136025723809116,D
50,5,54400,"Peacham town, Caledonia County, Vermont",715,47.70974821831607,14.986455110352209,Vermont,44.3284703,-72.1703611,7,104.90518577246546,6,2,123.56777078795643,0.04855635058996137,D
50,3,55000,"Peru town, Bennington County, Vermont",531,37.31338658857374,14.230817638048563,Vermont,43.2296001,-72.9009524,1,14.230817638048563,1,0,96.6412981305401,0.010347543124361086,D
33,9,32180,"Groton town, Grafton County, New Hampshire",569,40.68205368662088,13.986511211628612,New Hampshire,43.745148,-71.8553607,2,27.973022423257223,2,1,105.36611222781121,0.018981434900775463,D
50,19,80200,"Westfield town, Orleans County, Vermont",534,39.89501807427549,13.385129917871271,Vermont,44.889371,-72.4286266,8,107.08103934297017,7,2,103.32769786219276,0.06774563011493624,D
50,27,56050,"Plymouth town, Windsor County, Vermont",641,48.77498634720639,13.141982151199796,Vermont,43.5355839,-72.7217781,5,65.70991075599898,4,1,126.32672688940106,0.031663924954708884,D
33,9,41860,"Lincoln town, Grafton County, New Hampshire",1631,130.75167845850203,12.474027249429511,New Hampshire,43.94074,-71.82055,0,0.0,0,0,338.64553969073563,0.0,D
33,9,58340,"Orange town, Grafton County, New Hampshire",277,23.082746738408023,12.00030495240378,New Hampshire,43.6551013,-71.9648267,1,12.00030495240378,1,0,59.78408322500939,0.01672686016169721,D
33,7,13940,"Columbia town, Coos County, New Hampshire",659,60.974611871936624,10.807776872513438,New Hampshire,44.8751573,-71.5171295,4,43.23110749005375,4,1,157.92363500219713,0.02532869763252568,D
50,15,4375,"Belvidere town, Lamoille County, Vermont",358,35.5346063253198,10.074685975764163,Vermont,44.7500487,-72.6912337,3,30.224057927292492,3,1,92.03427503651503,0.0325965516521941,D
33,3,420,"Albany town, Carroll County, New Hampshire",759,75.59399335144884,10.04048028619529,New Hampshire,43.960335,-71.1933944,1,10.04048028619529,1,0,195.78768684031897,0.0051075734952401915,D
50,19,81700,"Westmore town, Orleans County, Vermont",357,37.524400969419816,9.513809435384031,Vermont,44.7711201,-72.0548723,4,38.055237741536125,4,1,97.18782326678762,0.04115741937155759,D
50,25,70750,"Stratton town, Windham County, Vermont",440,46.56722559322692,9.448705487491976,Vermont,43.0561123,-72.8826382,4,37.794821949967904,4,1,120.60864861420178,0.03316511747673289,D
33,9,22020,"Easton town, Grafton County, New Hampshire",292,31.08612225440052,9.393259075877976,New Hampshire,44.1476311,-71.7893227,0,0.0,0,0,80.5127457776748,0.0,D
50,1,31525,"Hancock town, Addison County, Vermont",359,38.5059430341867,9.32323614776216,Vermont,43.9261385,-72.8412096,2,18.64647229552432,2,1,99.7300073991132,0.020054144706879707,D
50,3,62875,"Sandgate town, Bennington County, Vermont",387,42.43786898118386,9.119213789259502,Vermont,43.1480044,-73.1982696,1,9.119213789259502,1,0,109.91365628257638,0.009098050540954673,D
50,21,80875,"West Haven town, Rutland County, Vermont",239,28.71515789544656,8.323130273920553,Vermont,43.6513791,-73.3473251,2,16.646260547841106,2,1,74.37197179762762,0.026891851213010298,D
33,7,74180,"Stratford town, Coos County, New Hampshire",662,79.59069055868727,8.317555675834543,New Hampshire,44.6896,-71.30542,0,0.0,0,0,206.13909264009442,0.0,D
50,1,28600,"Goshen town, Addison County, Vermont",172,20.69555456354981,8.310963568134396,Vermont,43.8490918,-73.0223759,0,0.0,0,0,53.60127936404837,0.0,D
33,7,73060,"Stark town, Coos County, New Hampshire",478,59.59526764606447,8.02077109274575,New Hampshire,44.6896,-71.30542,0,0.0,0,0,154.3511472506305,0.0,D
50,9,30775,"Guildhall town, Essex County, Vermont",262,32.94055544464067,7.95372137668755,Vermont,44.5647252,-71.560369,3,23.86116413006265,3,1,85.31570919606489,0.03516351242073919,D
33,9,79380,"Waterville Valley town, Grafton County, New Hampshire",508,64.32798822965935,7.897029177818734,New Hampshire,43.950839,-71.504488,8,63.17623342254987,7,2,166.6088462349354,0.042014575805472465,D
33,9,5060,"Benton town, Grafton County, New Hampshire",374,48.33611355779544,7.737485959701924,New Hampshire,44.1028934,-71.8991686,0,0.0,0,0,125.19005075355462,0.0,D
33,9,18740,"Dorchester town, Grafton County, New Hampshire",339,45.12936224061714,7.51173921298836,New Hampshire,43.7572813,-71.949351,1,7.51173921298836,1,0,116.88459690957598,0.008555447222644896,D
50,3,85675,"Woodford town, Bennington County, Vermont",355,47.42131792793449,7.486084645295783,Vermont,42.8967459,-73.1303834,3,22.45825393588735,3,1,122.82073922017103,0.0244258422400645,D
33,7,68980,"Shelburne town, Coos County, New Hampshire",353,48.66059322808368,7.254329973853909,New Hampshire,44.3992995,-71.0745737,0,0.0,0,0,126.03044985480443,0.0,D
50,9,21250,"East Haven town, Essex County, Vermont",270,37.36318351284178,7.226364956487196,Vermont,44.6466889,-71.8931243,4,28.905459825948785,4,1,96.77027166642507,0.04133500848058299,D
33,7,63860,"Randolph town, Coos County, New Hampshire",328,47.00267866849799,6.978325688910816,New Hampshire,44.3752791,-71.2821934,7,48.848279822375716,6,2,121.73646772462311,0.049286792299349805,D
50,9,42475,"Maidstone town, Essex County, Vermont",211,32.14226907973464,6.564564545103422,Vermont,44.5775223,-71.5546428,3,19.693693635310265,3,1,83.24815549382191,0.03603683447644241,D
33,7,19300,"Dummer town, Coos County, New Hampshire",306,49.05430065075478,6.237985170323525,New Hampshire,44.6095649,-71.2020493,4,24.9519406812941,4,1,127.05014814244836,0.03148363113685793,D
33,3,11780,"Chatham town, Carroll County, New Hampshire",341,57.13449269584088,5.968373637538629,New Hampshire,43.87391,-71.20277,3,17.905120912615885,3,1,147.97776473730093,0.020273316098035277,D
50,1,29575,"Granville town, Addison County, Vermont",301,50.92357443873585,5.910818384560206,Vermont,43.9849775,-72.8467904,2,11.821636769120412,2,1,131.89154856058144,0.015163973899975439,D
50,7,10300,"Buels gore, Chittenden County, Vermont",29,4.955161008075039,5.8524838956274,Vermont,44.2188802,-72.9544831,1,5.8524838956274,1,0,12.833817459304269,0.0779191384925784,D
50,3,63175,"Searsburg town, Bennington County, Vermont",126,21.53356991760727,5.851328900972154,Vermont,42.8959102,-72.9778074,0,0.0,0,0,55.77173075090365,0.0,D
50,9,6325,"Bloomfield town, Essex County, Vermont",217,40.49556621404513,5.358611331744699,Vermont,44.72779,-71.73605,0,0.0,0,0,104.88311153871473,0.0,D
50,21,47425,"Mount Tabor town, Rutland County, Vermont",210,43.72471263209699,4.802775990020924,Vermont,43.3507073,-72.9820478,10,48.02775990020925,9,2,113.24656847000487,0.07947260673407328,D
33,7,13220,"Clarksville town, Coos County, New Hampshire",294,62.21087480452992,4.7258618517062265,New Hampshire,45.0174888,-71.4135884,1,4.7258618517062265,1,0,161.12554363498444,0.0062063405803949425,D
33,9,23860,"Ellsworth town, Grafton County, New Hampshire",93,21.491906281589323,4.327210382434381,New Hampshire,43.8741064,-71.73723,0,0.0,0,0,55.663822350253525,0.0,D
33,7,25140,"Errol town, Coos County, New Hampshire",298,69.29174186354028,4.300656788032064,New Hampshire,44.7839531,-71.1521423,2,8.601313576064127,2,1,179.4649185091507,0.01114423931214179,D
50,9,52750,"Norton town, Essex County, Vermont",153,38.74748132459607,3.948643751016634,Vermont,44.72779,-71.73605,0,0.0,0,0,100.35558915589057,0.0,D
33,3,34500,"Hart's Location town, Carroll County, New Hampshire",68,18.745331582725395,3.627569867191084,New Hampshire,44.1240359,-71.35761,1,3.627569867191084,1,0,48.550221345942944,0.020597228442575662,D
50,9,10075,"Brunswick town, Essex County, Vermont",88,25.199659885327264,3.492110623732617,Vermont,44.72779,-71.73605,0,0.0,0,0,65.26686710639876,0.0,D
33,7,61780,"Pittsburg town, Coos County, New Hampshire",800,290.6414104623839,2.752532747234034,New Hampshire,45.0526218,-71.3959034,3,8.257598241702102,3,1,752.7583466834695,0.00398534272415246,D
50,9,39700,"Lemington town, Essex County, Vermont",87,35.47433117014901,2.45247752755967,Vermont,44.72779,-71.73605,0,0.0,0,0,91.87816298737422,0.0,D
50,9,29125,"Granby town, Essex County, Vermont",81,38.70934040918917,2.092518217664373,Vermont,44.570324,-71.7582797,1,2.092518217664373,1,0,100.25680456639584,0.009974385323020566,D
50,9,75175,"Victory town, Essex County, Vermont",70,43.11642764792643,1.623511126005043,Vermont,44.5745158,-71.7841161,1,1.623511126005043,1,0,111.67111644385297,0.008954867040330784,D
33,7,80740,"Wentworth location, Coos County, New Hampshire",28,19.21771260866125,1.456989214594699,New Hampshire,44.8576131,-71.0548338,2,2.913978429189398,2,1,49.77368347930655,0.04018187644945952,D
50,9,2125,"Averill town, Essex County, Vermont",21,37.837918461049554,0.5549988174327679,Vermont,44.72779,-71.73605,0,0.0,0,0,97.99983043493373,0.0,D
33,7,48260,"Millsfield township, Coos County, New Hampshire",25,45.12006285610013,0.5540772423064134,New Hampshire,44.76508,-71.2706,0,0.0,0,0,116.86051159667076,0.0,D
33,7,46020,"Martins location, Coos County, New Hampshire",2,3.747464661170389,0.5336941588063889,New Hampshire,44.32688,-71.21382,1,0.5336941588063889,1,0,9.705895997784696,0.10303015818717233,D
33,7,8420,"Cambridge township, Coos County, New Hampshire",16,51.60712585911174,0.3100347041933753,New Hampshire,44.65871,-71.10616,0,0.0,0,0,133.66193990384082,0.0,D
50,9,25975,"Ferdinand town, Essex County, Vermont",16,52.93100679283462,0.3022802884256861,Vermont,44.72779,-71.73605,0,0.0,0,0,137.09077828337374,0.0,D
50,25,65762,"Somerset town, Windham County, Vermont",6,27.92895216005051,0.2148308309461886,Vermont,42.99059,-72.71384,0,0.0,0,0,72.33570680500921,0.0,D
50,3,27962,"Glastenbury town, Bennington County, Vermont",9,44.3094447572969,0.2031169663555279,Vermont,43.03546,-73.09295,0,0.0,0,0,114.7610188269514,0.0,D
50,9,76562,"Warren's gore, Essex County, Vermont",2,10.442685365525827,0.1915216182422338,Vermont,44.9102365,-71.8763336,0,0.0,0,0,27.046450669858235,0.0,D
33,7,18420,"Dixville township, Coos County, New Hampshire",4,49.044400736166935,0.0815587496219577,New Hampshire,44.88671,-71.27285,0,0.0,0,0,127.02450746266499,0.0,D
33,7,74500,"Success township, Coos County, New Hampshire",4,56.89797565000751,0.0703012709029389,New Hampshire,44.5531447,-71.0301772,0,0.0,0,0,147.36518795376293,0.0,D
33,7,76580,"Thompson and Meserves purchase, Coos County, New Hampshire",1,18.47612356172388,0.0541239073585572,New Hampshire,44.30039,-71.2922,2,0.1082478147171144,2,1,47.85297526362923,0.0417946844262389,D
50,9,39775,"Lewis town, Essex County, Vermont",2,39.53501135724826,0.0505880719731556,Vermont,44.72779,-71.73605,0,0.0,0,0,102.3952840651594,0.0,D
33,9,42820,"Livermore town, Grafton County, New Hampshire",2,63.81934181685911,0.0313384617118013,New Hampshire,43.94074,-71.82055,0,0.0,0,0,165.29145711224692,0.0,D
33,7,68500,"Second College grant, Coos County, New Hampshire",1,41.74656622350986,0.0239540659379272,New Hampshire,44.9122038,-71.1068645,1,0.0239540659379272,1,0,108.12318905322829,0.009248709816612116,D
33,7,57860,"Odell township, Coos County, New Hampshire",1,44.91544575197234,0.0222640560114242,New Hampshire,44.72767,-71.3789,0,0.0,0,0,116.33055534315083,0.0,D
33,15,0,"County subdivisions not defined, Rockingham County, New Hampshire",0,43.49455158833761,0.0,New Hampshire,42.98454,-71.08897,5,0.0,4,1,112.65045366827852,0.035508068274441126,D
50,9,76337,"Warner's grant, Essex County, Vermont",0,3.192251630415848,0.0,Vermont,44.92231,-71.9126,0,0.0,0,0,8.267899800260741,0.0,D
50,9,2162,"Avery's gore, Essex County, Vermont",0,17.536109344634777,0.0,Vermont,44.8989959,-71.8242789,1,0.0,1,0,45.418347841510624,0.022017533607553166,D
33,7,67860,"Sargents purchase, Coos County, New Hampshire",0,25.82297037885717,0.0,New Hampshire,44.21916,-71.3002,0,0.0,0,0,66.88123505153628,0.0,D
33,7,61620,"Pinkhams grant, Coos County, New Hampshire",0,3.791145937084495,0.0,New Hampshire,44.26051,-71.24502,8,0.0,7,2,9.819030065589471,0.7129013714431238,D
33,7,39940,"Kilkenny township, Coos County, New Hampshire",0,25.64357348293765,0.0,New Hampshire,44.49482,-71.39668,1,0.0,1,0,66.41659888507368,0.015056477097395268,D
33,7,25180,"Ervings location, Coos County, New Hampshire",0,3.7440816982734657,0.0,New Hampshire,44.80088,-71.34399,0,0.0,0,0,9.697134157711293,0.0,D
33,7,31780,"Greens grant, Coos County, New Hampshire",0,3.6620807450245727,0.0,New Hampshire,44.2987,-71.22151,0,0.0,0,0,9.484752508806192,0.0,D
33,7,32420,"Hadleys purchase, Coos County, New Hampshire",0,7.392496345537197,0.0,New Hampshire,44.12635,-71.33283,3,0.0,3,1,19.146491609977883,0.15668666934450795,D
33,7,4260,"Beans purchase, Coos County, New Hampshire",0,65.16445350610522,0.0,New Hampshire,44.28892,-71.11855,0,0.0,0,0,168.77528293627745,0.0,D
33,7,4100,"Beans grant, Coos County, New Hampshire",0,9.640896164139454,0.0,New Hampshire,44.2226,-71.37682,6,0.0,5,1,24.969824656159542,0.20024169447928433,D
33,7,2420,"Atkinson and Gilmanton Academy grant, Coos County, New Hampshire",0,19.256531247061336,0.0,New Hampshire,44.9871922,-71.119869,0,0.0,0,0,49.87422336457639,0.0,D
33,7,43620,"Low and Burbanks grant, Coos County, New Hampshire",0,26.08611255692154,0.0,New Hampshire,44.32278,-71.36458,0,0.0,0,0,67.56277066130122,0.0,D
33,7,11220,"Chandlers purchase, Coos County, New Hampshire",0,2.121964155554227,0.0,New Hampshire,44.26109,-71.35865,1,0.0,1,0,5.495865943243892,0.18195494765102618,D
33,7,16100,"Crawfords purchase, Coos County, New Hampshire",0,8.176023373606865,0.0,New Hampshire,44.26239,-71.40152,0,0.0,0,0,21.175818777408043,0.0,D
33,7,16660,"Cutts grant, Coos County, New Hampshire",0,11.256521032676872,0.0,New Hampshire,44.20536,-71.33593,0,0.0,0,0,29.15427690942277,0.0,D
33,7,18340,"Dixs grant, Coos County, New Hampshire",0,20.019769858597908,0.0,New Hampshire,44.91294,-71.19305,0,0.0,0,0,51.85100373606999,0.0,D
